architecture,learning_rate,dropout_rate,weight_decay,batch_size,activation,val_acc,model,experiment_number
"{'conv': [(32, 3), (64, 3)], 'dense': [128], 'residual': False, 'separable': False}",0.0003,0.2,0.001,128,relu,73.27,"CNNModel(
  (features): ModuleList(
    (0): Conv2d(3, 32, kernel_size=(3, 3), stride=(1, 1), padding=(1, 1), bias=False)
    (1): BatchNorm2d(32, eps=1e-05, momentum=0.1, affine=True, track_running_stats=True)
    (2): ReLU(inplace=True)
    (3): MaxPool2d(kernel_size=2, stride=2, padding=0, dilation=1, ceil_mode=False)
    (4): Dropout2d(p=0.2, inplace=False)
    (5): Conv2d(32, 64, kernel_size=(3, 3), stride=(1, 1), padding=(1, 1), bias=False)
    (6): BatchNorm2d(64, eps=1e-05, momentum=0.1, affine=True, track_running_stats=True)
    (7): ReLU(inplace=True)
    (8): Conv2d(64, 64, kernel_size=(3, 3), stride=(1, 1), padding=(1, 1), bias=False)
    (9): BatchNorm2d(64, eps=1e-05, momentum=0.1, affine=True, track_running_stats=True)
    (10): ReLU(inplace=True)
    (11): MaxPool2d(kernel_size=2, stride=2, padding=0, dilation=1, ceil_mode=False)
    (12): Dropout2d(p=0.2, inplace=False)
  )
  (global_pool): AdaptiveAvgPool2d(output_size=1)
  (dense_layers): ModuleList(
    (0): Linear(in_features=64, out_features=128, bias=True)
  )
  (dense_bn_layers): ModuleList(
    (0): BatchNorm1d(128, eps=1e-05, momentum=0.1, affine=True, track_running_stats=True)
  )
  (dense_dropout_layers): ModuleList(
    (0): Dropout(p=0.2, inplace=False)
  )
  (output_layer): Linear(in_features=128, out_features=10, bias=True)
)",1
"{'conv': [(32, 3), (64, 3)], 'dense': [128], 'residual': False, 'separable': False}",0.0003,0.2,0.001,256,relu,72.9,"CNNModel(
  (features): ModuleList(
    (0): Conv2d(3, 32, kernel_size=(3, 3), stride=(1, 1), padding=(1, 1), bias=False)
    (1): BatchNorm2d(32, eps=1e-05, momentum=0.1, affine=True, track_running_stats=True)
    (2): ReLU(inplace=True)
    (3): MaxPool2d(kernel_size=2, stride=2, padding=0, dilation=1, ceil_mode=False)
    (4): Dropout2d(p=0.2, inplace=False)
    (5): Conv2d(32, 64, kernel_size=(3, 3), stride=(1, 1), padding=(1, 1), bias=False)
    (6): BatchNorm2d(64, eps=1e-05, momentum=0.1, affine=True, track_running_stats=True)
    (7): ReLU(inplace=True)
    (8): Conv2d(64, 64, kernel_size=(3, 3), stride=(1, 1), padding=(1, 1), bias=False)
    (9): BatchNorm2d(64, eps=1e-05, momentum=0.1, affine=True, track_running_stats=True)
    (10): ReLU(inplace=True)
    (11): MaxPool2d(kernel_size=2, stride=2, padding=0, dilation=1, ceil_mode=False)
    (12): Dropout2d(p=0.2, inplace=False)
  )
  (global_pool): AdaptiveAvgPool2d(output_size=1)
  (dense_layers): ModuleList(
    (0): Linear(in_features=64, out_features=128, bias=True)
  )
  (dense_bn_layers): ModuleList(
    (0): BatchNorm1d(128, eps=1e-05, momentum=0.1, affine=True, track_running_stats=True)
  )
  (dense_dropout_layers): ModuleList(
    (0): Dropout(p=0.2, inplace=False)
  )
  (output_layer): Linear(in_features=128, out_features=10, bias=True)
)",2
"{'conv': [(32, 3), (64, 3)], 'dense': [128], 'residual': False, 'separable': False}",0.0003,0.2,0.01,128,relu,74.1,"CNNModel(
  (features): ModuleList(
    (0): Conv2d(3, 32, kernel_size=(3, 3), stride=(1, 1), padding=(1, 1), bias=False)
    (1): BatchNorm2d(32, eps=1e-05, momentum=0.1, affine=True, track_running_stats=True)
    (2): ReLU(inplace=True)
    (3): MaxPool2d(kernel_size=2, stride=2, padding=0, dilation=1, ceil_mode=False)
    (4): Dropout2d(p=0.2, inplace=False)
    (5): Conv2d(32, 64, kernel_size=(3, 3), stride=(1, 1), padding=(1, 1), bias=False)
    (6): BatchNorm2d(64, eps=1e-05, momentum=0.1, affine=True, track_running_stats=True)
    (7): ReLU(inplace=True)
    (8): Conv2d(64, 64, kernel_size=(3, 3), stride=(1, 1), padding=(1, 1), bias=False)
    (9): BatchNorm2d(64, eps=1e-05, momentum=0.1, affine=True, track_running_stats=True)
    (10): ReLU(inplace=True)
    (11): MaxPool2d(kernel_size=2, stride=2, padding=0, dilation=1, ceil_mode=False)
    (12): Dropout2d(p=0.2, inplace=False)
  )
  (global_pool): AdaptiveAvgPool2d(output_size=1)
  (dense_layers): ModuleList(
    (0): Linear(in_features=64, out_features=128, bias=True)
  )
  (dense_bn_layers): ModuleList(
    (0): BatchNorm1d(128, eps=1e-05, momentum=0.1, affine=True, track_running_stats=True)
  )
  (dense_dropout_layers): ModuleList(
    (0): Dropout(p=0.2, inplace=False)
  )
  (output_layer): Linear(in_features=128, out_features=10, bias=True)
)",3
"{'conv': [(32, 3), (64, 3)], 'dense': [128], 'residual': False, 'separable': False}",0.0003,0.2,0.01,256,relu,71.35,"CNNModel(
  (features): ModuleList(
    (0): Conv2d(3, 32, kernel_size=(3, 3), stride=(1, 1), padding=(1, 1), bias=False)
    (1): BatchNorm2d(32, eps=1e-05, momentum=0.1, affine=True, track_running_stats=True)
    (2): ReLU(inplace=True)
    (3): MaxPool2d(kernel_size=2, stride=2, padding=0, dilation=1, ceil_mode=False)
    (4): Dropout2d(p=0.2, inplace=False)
    (5): Conv2d(32, 64, kernel_size=(3, 3), stride=(1, 1), padding=(1, 1), bias=False)
    (6): BatchNorm2d(64, eps=1e-05, momentum=0.1, affine=True, track_running_stats=True)
    (7): ReLU(inplace=True)
    (8): Conv2d(64, 64, kernel_size=(3, 3), stride=(1, 1), padding=(1, 1), bias=False)
    (9): BatchNorm2d(64, eps=1e-05, momentum=0.1, affine=True, track_running_stats=True)
    (10): ReLU(inplace=True)
    (11): MaxPool2d(kernel_size=2, stride=2, padding=0, dilation=1, ceil_mode=False)
    (12): Dropout2d(p=0.2, inplace=False)
  )
  (global_pool): AdaptiveAvgPool2d(output_size=1)
  (dense_layers): ModuleList(
    (0): Linear(in_features=64, out_features=128, bias=True)
  )
  (dense_bn_layers): ModuleList(
    (0): BatchNorm1d(128, eps=1e-05, momentum=0.1, affine=True, track_running_stats=True)
  )
  (dense_dropout_layers): ModuleList(
    (0): Dropout(p=0.2, inplace=False)
  )
  (output_layer): Linear(in_features=128, out_features=10, bias=True)
)",4
"{'conv': [(32, 3), (64, 3)], 'dense': [128], 'residual': False, 'separable': False}",0.0003,0.3,0.001,128,relu,70.27,"CNNModel(
  (features): ModuleList(
    (0): Conv2d(3, 32, kernel_size=(3, 3), stride=(1, 1), padding=(1, 1), bias=False)
    (1): BatchNorm2d(32, eps=1e-05, momentum=0.1, affine=True, track_running_stats=True)
    (2): ReLU(inplace=True)
    (3): MaxPool2d(kernel_size=2, stride=2, padding=0, dilation=1, ceil_mode=False)
    (4): Dropout2d(p=0.3, inplace=False)
    (5): Conv2d(32, 64, kernel_size=(3, 3), stride=(1, 1), padding=(1, 1), bias=False)
    (6): BatchNorm2d(64, eps=1e-05, momentum=0.1, affine=True, track_running_stats=True)
    (7): ReLU(inplace=True)
    (8): Conv2d(64, 64, kernel_size=(3, 3), stride=(1, 1), padding=(1, 1), bias=False)
    (9): BatchNorm2d(64, eps=1e-05, momentum=0.1, affine=True, track_running_stats=True)
    (10): ReLU(inplace=True)
    (11): MaxPool2d(kernel_size=2, stride=2, padding=0, dilation=1, ceil_mode=False)
    (12): Dropout2d(p=0.3, inplace=False)
  )
  (global_pool): AdaptiveAvgPool2d(output_size=1)
  (dense_layers): ModuleList(
    (0): Linear(in_features=64, out_features=128, bias=True)
  )
  (dense_bn_layers): ModuleList(
    (0): BatchNorm1d(128, eps=1e-05, momentum=0.1, affine=True, track_running_stats=True)
  )
  (dense_dropout_layers): ModuleList(
    (0): Dropout(p=0.3, inplace=False)
  )
  (output_layer): Linear(in_features=128, out_features=10, bias=True)
)",5
"{'conv': [(32, 3), (64, 3)], 'dense': [128], 'residual': False, 'separable': False}",0.0003,0.3,0.001,256,relu,67.96,"CNNModel(
  (features): ModuleList(
    (0): Conv2d(3, 32, kernel_size=(3, 3), stride=(1, 1), padding=(1, 1), bias=False)
    (1): BatchNorm2d(32, eps=1e-05, momentum=0.1, affine=True, track_running_stats=True)
    (2): ReLU(inplace=True)
    (3): MaxPool2d(kernel_size=2, stride=2, padding=0, dilation=1, ceil_mode=False)
    (4): Dropout2d(p=0.3, inplace=False)
    (5): Conv2d(32, 64, kernel_size=(3, 3), stride=(1, 1), padding=(1, 1), bias=False)
    (6): BatchNorm2d(64, eps=1e-05, momentum=0.1, affine=True, track_running_stats=True)
    (7): ReLU(inplace=True)
    (8): Conv2d(64, 64, kernel_size=(3, 3), stride=(1, 1), padding=(1, 1), bias=False)
    (9): BatchNorm2d(64, eps=1e-05, momentum=0.1, affine=True, track_running_stats=True)
    (10): ReLU(inplace=True)
    (11): MaxPool2d(kernel_size=2, stride=2, padding=0, dilation=1, ceil_mode=False)
    (12): Dropout2d(p=0.3, inplace=False)
  )
  (global_pool): AdaptiveAvgPool2d(output_size=1)
  (dense_layers): ModuleList(
    (0): Linear(in_features=64, out_features=128, bias=True)
  )
  (dense_bn_layers): ModuleList(
    (0): BatchNorm1d(128, eps=1e-05, momentum=0.1, affine=True, track_running_stats=True)
  )
  (dense_dropout_layers): ModuleList(
    (0): Dropout(p=0.3, inplace=False)
  )
  (output_layer): Linear(in_features=128, out_features=10, bias=True)
)",6
"{'conv': [(32, 3), (64, 3)], 'dense': [128], 'residual': False, 'separable': False}",0.0003,0.3,0.01,128,relu,71.19,"CNNModel(
  (features): ModuleList(
    (0): Conv2d(3, 32, kernel_size=(3, 3), stride=(1, 1), padding=(1, 1), bias=False)
    (1): BatchNorm2d(32, eps=1e-05, momentum=0.1, affine=True, track_running_stats=True)
    (2): ReLU(inplace=True)
    (3): MaxPool2d(kernel_size=2, stride=2, padding=0, dilation=1, ceil_mode=False)
    (4): Dropout2d(p=0.3, inplace=False)
    (5): Conv2d(32, 64, kernel_size=(3, 3), stride=(1, 1), padding=(1, 1), bias=False)
    (6): BatchNorm2d(64, eps=1e-05, momentum=0.1, affine=True, track_running_stats=True)
    (7): ReLU(inplace=True)
    (8): Conv2d(64, 64, kernel_size=(3, 3), stride=(1, 1), padding=(1, 1), bias=False)
    (9): BatchNorm2d(64, eps=1e-05, momentum=0.1, affine=True, track_running_stats=True)
    (10): ReLU(inplace=True)
    (11): MaxPool2d(kernel_size=2, stride=2, padding=0, dilation=1, ceil_mode=False)
    (12): Dropout2d(p=0.3, inplace=False)
  )
  (global_pool): AdaptiveAvgPool2d(output_size=1)
  (dense_layers): ModuleList(
    (0): Linear(in_features=64, out_features=128, bias=True)
  )
  (dense_bn_layers): ModuleList(
    (0): BatchNorm1d(128, eps=1e-05, momentum=0.1, affine=True, track_running_stats=True)
  )
  (dense_dropout_layers): ModuleList(
    (0): Dropout(p=0.3, inplace=False)
  )
  (output_layer): Linear(in_features=128, out_features=10, bias=True)
)",7
"{'conv': [(32, 3), (64, 3)], 'dense': [128], 'residual': False, 'separable': False}",0.0003,0.3,0.01,256,relu,68.31,"CNNModel(
  (features): ModuleList(
    (0): Conv2d(3, 32, kernel_size=(3, 3), stride=(1, 1), padding=(1, 1), bias=False)
    (1): BatchNorm2d(32, eps=1e-05, momentum=0.1, affine=True, track_running_stats=True)
    (2): ReLU(inplace=True)
    (3): MaxPool2d(kernel_size=2, stride=2, padding=0, dilation=1, ceil_mode=False)
    (4): Dropout2d(p=0.3, inplace=False)
    (5): Conv2d(32, 64, kernel_size=(3, 3), stride=(1, 1), padding=(1, 1), bias=False)
    (6): BatchNorm2d(64, eps=1e-05, momentum=0.1, affine=True, track_running_stats=True)
    (7): ReLU(inplace=True)
    (8): Conv2d(64, 64, kernel_size=(3, 3), stride=(1, 1), padding=(1, 1), bias=False)
    (9): BatchNorm2d(64, eps=1e-05, momentum=0.1, affine=True, track_running_stats=True)
    (10): ReLU(inplace=True)
    (11): MaxPool2d(kernel_size=2, stride=2, padding=0, dilation=1, ceil_mode=False)
    (12): Dropout2d(p=0.3, inplace=False)
  )
  (global_pool): AdaptiveAvgPool2d(output_size=1)
  (dense_layers): ModuleList(
    (0): Linear(in_features=64, out_features=128, bias=True)
  )
  (dense_bn_layers): ModuleList(
    (0): BatchNorm1d(128, eps=1e-05, momentum=0.1, affine=True, track_running_stats=True)
  )
  (dense_dropout_layers): ModuleList(
    (0): Dropout(p=0.3, inplace=False)
  )
  (output_layer): Linear(in_features=128, out_features=10, bias=True)
)",8
"{'conv': [(32, 3), (64, 3)], 'dense': [128], 'residual': False, 'separable': False}",0.0005,0.2,0.001,128,relu,74.59,"CNNModel(
  (features): ModuleList(
    (0): Conv2d(3, 32, kernel_size=(3, 3), stride=(1, 1), padding=(1, 1), bias=False)
    (1): BatchNorm2d(32, eps=1e-05, momentum=0.1, affine=True, track_running_stats=True)
    (2): ReLU(inplace=True)
    (3): MaxPool2d(kernel_size=2, stride=2, padding=0, dilation=1, ceil_mode=False)
    (4): Dropout2d(p=0.2, inplace=False)
    (5): Conv2d(32, 64, kernel_size=(3, 3), stride=(1, 1), padding=(1, 1), bias=False)
    (6): BatchNorm2d(64, eps=1e-05, momentum=0.1, affine=True, track_running_stats=True)
    (7): ReLU(inplace=True)
    (8): Conv2d(64, 64, kernel_size=(3, 3), stride=(1, 1), padding=(1, 1), bias=False)
    (9): BatchNorm2d(64, eps=1e-05, momentum=0.1, affine=True, track_running_stats=True)
    (10): ReLU(inplace=True)
    (11): MaxPool2d(kernel_size=2, stride=2, padding=0, dilation=1, ceil_mode=False)
    (12): Dropout2d(p=0.2, inplace=False)
  )
  (global_pool): AdaptiveAvgPool2d(output_size=1)
  (dense_layers): ModuleList(
    (0): Linear(in_features=64, out_features=128, bias=True)
  )
  (dense_bn_layers): ModuleList(
    (0): BatchNorm1d(128, eps=1e-05, momentum=0.1, affine=True, track_running_stats=True)
  )
  (dense_dropout_layers): ModuleList(
    (0): Dropout(p=0.2, inplace=False)
  )
  (output_layer): Linear(in_features=128, out_features=10, bias=True)
)",9
"{'conv': [(32, 3), (64, 3)], 'dense': [128], 'residual': False, 'separable': False}",0.0005,0.2,0.001,256,relu,73.27,"CNNModel(
  (features): ModuleList(
    (0): Conv2d(3, 32, kernel_size=(3, 3), stride=(1, 1), padding=(1, 1), bias=False)
    (1): BatchNorm2d(32, eps=1e-05, momentum=0.1, affine=True, track_running_stats=True)
    (2): ReLU(inplace=True)
    (3): MaxPool2d(kernel_size=2, stride=2, padding=0, dilation=1, ceil_mode=False)
    (4): Dropout2d(p=0.2, inplace=False)
    (5): Conv2d(32, 64, kernel_size=(3, 3), stride=(1, 1), padding=(1, 1), bias=False)
    (6): BatchNorm2d(64, eps=1e-05, momentum=0.1, affine=True, track_running_stats=True)
    (7): ReLU(inplace=True)
    (8): Conv2d(64, 64, kernel_size=(3, 3), stride=(1, 1), padding=(1, 1), bias=False)
    (9): BatchNorm2d(64, eps=1e-05, momentum=0.1, affine=True, track_running_stats=True)
    (10): ReLU(inplace=True)
    (11): MaxPool2d(kernel_size=2, stride=2, padding=0, dilation=1, ceil_mode=False)
    (12): Dropout2d(p=0.2, inplace=False)
  )
  (global_pool): AdaptiveAvgPool2d(output_size=1)
  (dense_layers): ModuleList(
    (0): Linear(in_features=64, out_features=128, bias=True)
  )
  (dense_bn_layers): ModuleList(
    (0): BatchNorm1d(128, eps=1e-05, momentum=0.1, affine=True, track_running_stats=True)
  )
  (dense_dropout_layers): ModuleList(
    (0): Dropout(p=0.2, inplace=False)
  )
  (output_layer): Linear(in_features=128, out_features=10, bias=True)
)",10
"{'conv': [(32, 3), (64, 3)], 'dense': [128], 'residual': False, 'separable': False}",0.0005,0.2,0.01,128,relu,74.64,"CNNModel(
  (features): ModuleList(
    (0): Conv2d(3, 32, kernel_size=(3, 3), stride=(1, 1), padding=(1, 1), bias=False)
    (1): BatchNorm2d(32, eps=1e-05, momentum=0.1, affine=True, track_running_stats=True)
    (2): ReLU(inplace=True)
    (3): MaxPool2d(kernel_size=2, stride=2, padding=0, dilation=1, ceil_mode=False)
    (4): Dropout2d(p=0.2, inplace=False)
    (5): Conv2d(32, 64, kernel_size=(3, 3), stride=(1, 1), padding=(1, 1), bias=False)
    (6): BatchNorm2d(64, eps=1e-05, momentum=0.1, affine=True, track_running_stats=True)
    (7): ReLU(inplace=True)
    (8): Conv2d(64, 64, kernel_size=(3, 3), stride=(1, 1), padding=(1, 1), bias=False)
    (9): BatchNorm2d(64, eps=1e-05, momentum=0.1, affine=True, track_running_stats=True)
    (10): ReLU(inplace=True)
    (11): MaxPool2d(kernel_size=2, stride=2, padding=0, dilation=1, ceil_mode=False)
    (12): Dropout2d(p=0.2, inplace=False)
  )
  (global_pool): AdaptiveAvgPool2d(output_size=1)
  (dense_layers): ModuleList(
    (0): Linear(in_features=64, out_features=128, bias=True)
  )
  (dense_bn_layers): ModuleList(
    (0): BatchNorm1d(128, eps=1e-05, momentum=0.1, affine=True, track_running_stats=True)
  )
  (dense_dropout_layers): ModuleList(
    (0): Dropout(p=0.2, inplace=False)
  )
  (output_layer): Linear(in_features=128, out_features=10, bias=True)
)",11
"{'conv': [(32, 3), (64, 3)], 'dense': [128], 'residual': False, 'separable': False}",0.0005,0.2,0.01,256,relu,73.59,"CNNModel(
  (features): ModuleList(
    (0): Conv2d(3, 32, kernel_size=(3, 3), stride=(1, 1), padding=(1, 1), bias=False)
    (1): BatchNorm2d(32, eps=1e-05, momentum=0.1, affine=True, track_running_stats=True)
    (2): ReLU(inplace=True)
    (3): MaxPool2d(kernel_size=2, stride=2, padding=0, dilation=1, ceil_mode=False)
    (4): Dropout2d(p=0.2, inplace=False)
    (5): Conv2d(32, 64, kernel_size=(3, 3), stride=(1, 1), padding=(1, 1), bias=False)
    (6): BatchNorm2d(64, eps=1e-05, momentum=0.1, affine=True, track_running_stats=True)
    (7): ReLU(inplace=True)
    (8): Conv2d(64, 64, kernel_size=(3, 3), stride=(1, 1), padding=(1, 1), bias=False)
    (9): BatchNorm2d(64, eps=1e-05, momentum=0.1, affine=True, track_running_stats=True)
    (10): ReLU(inplace=True)
    (11): MaxPool2d(kernel_size=2, stride=2, padding=0, dilation=1, ceil_mode=False)
    (12): Dropout2d(p=0.2, inplace=False)
  )
  (global_pool): AdaptiveAvgPool2d(output_size=1)
  (dense_layers): ModuleList(
    (0): Linear(in_features=64, out_features=128, bias=True)
  )
  (dense_bn_layers): ModuleList(
    (0): BatchNorm1d(128, eps=1e-05, momentum=0.1, affine=True, track_running_stats=True)
  )
  (dense_dropout_layers): ModuleList(
    (0): Dropout(p=0.2, inplace=False)
  )
  (output_layer): Linear(in_features=128, out_features=10, bias=True)
)",12
"{'conv': [(32, 3), (64, 3)], 'dense': [128], 'residual': False, 'separable': False}",0.0005,0.3,0.001,128,relu,72.24,"CNNModel(
  (features): ModuleList(
    (0): Conv2d(3, 32, kernel_size=(3, 3), stride=(1, 1), padding=(1, 1), bias=False)
    (1): BatchNorm2d(32, eps=1e-05, momentum=0.1, affine=True, track_running_stats=True)
    (2): ReLU(inplace=True)
    (3): MaxPool2d(kernel_size=2, stride=2, padding=0, dilation=1, ceil_mode=False)
    (4): Dropout2d(p=0.3, inplace=False)
    (5): Conv2d(32, 64, kernel_size=(3, 3), stride=(1, 1), padding=(1, 1), bias=False)
    (6): BatchNorm2d(64, eps=1e-05, momentum=0.1, affine=True, track_running_stats=True)
    (7): ReLU(inplace=True)
    (8): Conv2d(64, 64, kernel_size=(3, 3), stride=(1, 1), padding=(1, 1), bias=False)
    (9): BatchNorm2d(64, eps=1e-05, momentum=0.1, affine=True, track_running_stats=True)
    (10): ReLU(inplace=True)
    (11): MaxPool2d(kernel_size=2, stride=2, padding=0, dilation=1, ceil_mode=False)
    (12): Dropout2d(p=0.3, inplace=False)
  )
  (global_pool): AdaptiveAvgPool2d(output_size=1)
  (dense_layers): ModuleList(
    (0): Linear(in_features=64, out_features=128, bias=True)
  )
  (dense_bn_layers): ModuleList(
    (0): BatchNorm1d(128, eps=1e-05, momentum=0.1, affine=True, track_running_stats=True)
  )
  (dense_dropout_layers): ModuleList(
    (0): Dropout(p=0.3, inplace=False)
  )
  (output_layer): Linear(in_features=128, out_features=10, bias=True)
)",13
"{'conv': [(32, 3), (64, 3)], 'dense': [128], 'residual': False, 'separable': False}",0.0005,0.3,0.001,256,relu,71.32,"CNNModel(
  (features): ModuleList(
    (0): Conv2d(3, 32, kernel_size=(3, 3), stride=(1, 1), padding=(1, 1), bias=False)
    (1): BatchNorm2d(32, eps=1e-05, momentum=0.1, affine=True, track_running_stats=True)
    (2): ReLU(inplace=True)
    (3): MaxPool2d(kernel_size=2, stride=2, padding=0, dilation=1, ceil_mode=False)
    (4): Dropout2d(p=0.3, inplace=False)
    (5): Conv2d(32, 64, kernel_size=(3, 3), stride=(1, 1), padding=(1, 1), bias=False)
    (6): BatchNorm2d(64, eps=1e-05, momentum=0.1, affine=True, track_running_stats=True)
    (7): ReLU(inplace=True)
    (8): Conv2d(64, 64, kernel_size=(3, 3), stride=(1, 1), padding=(1, 1), bias=False)
    (9): BatchNorm2d(64, eps=1e-05, momentum=0.1, affine=True, track_running_stats=True)
    (10): ReLU(inplace=True)
    (11): MaxPool2d(kernel_size=2, stride=2, padding=0, dilation=1, ceil_mode=False)
    (12): Dropout2d(p=0.3, inplace=False)
  )
  (global_pool): AdaptiveAvgPool2d(output_size=1)
  (dense_layers): ModuleList(
    (0): Linear(in_features=64, out_features=128, bias=True)
  )
  (dense_bn_layers): ModuleList(
    (0): BatchNorm1d(128, eps=1e-05, momentum=0.1, affine=True, track_running_stats=True)
  )
  (dense_dropout_layers): ModuleList(
    (0): Dropout(p=0.3, inplace=False)
  )
  (output_layer): Linear(in_features=128, out_features=10, bias=True)
)",14
"{'conv': [(32, 3), (64, 3)], 'dense': [128], 'residual': False, 'separable': False}",0.0005,0.3,0.01,128,relu,71.95,"CNNModel(
  (features): ModuleList(
    (0): Conv2d(3, 32, kernel_size=(3, 3), stride=(1, 1), padding=(1, 1), bias=False)
    (1): BatchNorm2d(32, eps=1e-05, momentum=0.1, affine=True, track_running_stats=True)
    (2): ReLU(inplace=True)
    (3): MaxPool2d(kernel_size=2, stride=2, padding=0, dilation=1, ceil_mode=False)
    (4): Dropout2d(p=0.3, inplace=False)
    (5): Conv2d(32, 64, kernel_size=(3, 3), stride=(1, 1), padding=(1, 1), bias=False)
    (6): BatchNorm2d(64, eps=1e-05, momentum=0.1, affine=True, track_running_stats=True)
    (7): ReLU(inplace=True)
    (8): Conv2d(64, 64, kernel_size=(3, 3), stride=(1, 1), padding=(1, 1), bias=False)
    (9): BatchNorm2d(64, eps=1e-05, momentum=0.1, affine=True, track_running_stats=True)
    (10): ReLU(inplace=True)
    (11): MaxPool2d(kernel_size=2, stride=2, padding=0, dilation=1, ceil_mode=False)
    (12): Dropout2d(p=0.3, inplace=False)
  )
  (global_pool): AdaptiveAvgPool2d(output_size=1)
  (dense_layers): ModuleList(
    (0): Linear(in_features=64, out_features=128, bias=True)
  )
  (dense_bn_layers): ModuleList(
    (0): BatchNorm1d(128, eps=1e-05, momentum=0.1, affine=True, track_running_stats=True)
  )
  (dense_dropout_layers): ModuleList(
    (0): Dropout(p=0.3, inplace=False)
  )
  (output_layer): Linear(in_features=128, out_features=10, bias=True)
)",15
"{'conv': [(32, 3), (64, 3)], 'dense': [128], 'residual': False, 'separable': False}",0.0005,0.3,0.01,256,relu,70.93,"CNNModel(
  (features): ModuleList(
    (0): Conv2d(3, 32, kernel_size=(3, 3), stride=(1, 1), padding=(1, 1), bias=False)
    (1): BatchNorm2d(32, eps=1e-05, momentum=0.1, affine=True, track_running_stats=True)
    (2): ReLU(inplace=True)
    (3): MaxPool2d(kernel_size=2, stride=2, padding=0, dilation=1, ceil_mode=False)
    (4): Dropout2d(p=0.3, inplace=False)
    (5): Conv2d(32, 64, kernel_size=(3, 3), stride=(1, 1), padding=(1, 1), bias=False)
    (6): BatchNorm2d(64, eps=1e-05, momentum=0.1, affine=True, track_running_stats=True)
    (7): ReLU(inplace=True)
    (8): Conv2d(64, 64, kernel_size=(3, 3), stride=(1, 1), padding=(1, 1), bias=False)
    (9): BatchNorm2d(64, eps=1e-05, momentum=0.1, affine=True, track_running_stats=True)
    (10): ReLU(inplace=True)
    (11): MaxPool2d(kernel_size=2, stride=2, padding=0, dilation=1, ceil_mode=False)
    (12): Dropout2d(p=0.3, inplace=False)
  )
  (global_pool): AdaptiveAvgPool2d(output_size=1)
  (dense_layers): ModuleList(
    (0): Linear(in_features=64, out_features=128, bias=True)
  )
  (dense_bn_layers): ModuleList(
    (0): BatchNorm1d(128, eps=1e-05, momentum=0.1, affine=True, track_running_stats=True)
  )
  (dense_dropout_layers): ModuleList(
    (0): Dropout(p=0.3, inplace=False)
  )
  (output_layer): Linear(in_features=128, out_features=10, bias=True)
)",16
"{'conv': [(64, 3), (128, 3), (256, 3)], 'dense': [512, 256, 128], 'residual': True, 'separable': True}",0.0003,0.2,0.001,128,relu,72.99,"EnhancedCNNModel(
  (features): ModuleList(
    (0): SeparableConv2d(
      (depthwise): Conv2d(3, 3, kernel_size=(3, 3), stride=(1, 1), padding=(1, 1), groups=3, bias=False)
      (pointwise): Conv2d(3, 64, kernel_size=(1, 1), stride=(1, 1), bias=False)
    )
    (1): BatchNorm2d(64, eps=1e-05, momentum=0.1, affine=True, track_running_stats=True)
    (2): ReLU(inplace=True)
    (3): MaxPool2d(kernel_size=2, stride=2, padding=0, dilation=1, ceil_mode=False)
    (4): Dropout2d(p=0.2, inplace=False)
    (5): SeparableConv2d(
      (depthwise): Conv2d(64, 64, kernel_size=(3, 3), stride=(1, 1), padding=(1, 1), groups=64, bias=False)
      (pointwise): Conv2d(64, 128, kernel_size=(1, 1), stride=(1, 1), bias=False)
    )
    (6): BatchNorm2d(128, eps=1e-05, momentum=0.1, affine=True, track_running_stats=True)
    (7): ReLU(inplace=True)
    (8): Conv2d(128, 128, kernel_size=(1, 1), stride=(1, 1), bias=False)
    (9): BatchNorm2d(128, eps=1e-05, momentum=0.1, affine=True, track_running_stats=True)
    (10): ReLU(inplace=True)
    (11): MaxPool2d(kernel_size=2, stride=2, padding=0, dilation=1, ceil_mode=False)
    (12): Dropout2d(p=0.2, inplace=False)
    (13): SeparableConv2d(
      (depthwise): Conv2d(128, 128, kernel_size=(3, 3), stride=(1, 1), padding=(1, 1), groups=128, bias=False)
      (pointwise): Conv2d(128, 256, kernel_size=(1, 1), stride=(1, 1), bias=False)
    )
    (14): BatchNorm2d(256, eps=1e-05, momentum=0.1, affine=True, track_running_stats=True)
    (15): ReLU(inplace=True)
    (16): Conv2d(256, 256, kernel_size=(1, 1), stride=(1, 1), bias=False)
    (17): BatchNorm2d(256, eps=1e-05, momentum=0.1, affine=True, track_running_stats=True)
    (18): ReLU(inplace=True)
    (19): MaxPool2d(kernel_size=2, stride=2, padding=0, dilation=1, ceil_mode=False)
    (20): Dropout2d(p=0.2, inplace=False)
  )
  (global_pool): AdaptiveAvgPool2d(output_size=1)
  (dense_layers): ModuleList(
    (0): Linear(in_features=256, out_features=512, bias=True)
    (1): Linear(in_features=512, out_features=256, bias=True)
    (2): Linear(in_features=256, out_features=128, bias=True)
  )
  (dense_bn_layers): ModuleList(
    (0): BatchNorm1d(512, eps=1e-05, momentum=0.1, affine=True, track_running_stats=True)
    (1): BatchNorm1d(256, eps=1e-05, momentum=0.1, affine=True, track_running_stats=True)
    (2): BatchNorm1d(128, eps=1e-05, momentum=0.1, affine=True, track_running_stats=True)
  )
  (dense_dropout_layers): ModuleList(
    (0-2): 3 x Dropout(p=0.2, inplace=False)
  )
  (output_layer): Linear(in_features=128, out_features=10, bias=True)
)",17
"{'conv': [(64, 3), (128, 3), (256, 3)], 'dense': [512, 256, 128], 'residual': True, 'separable': True}",0.0003,0.2,0.001,256,relu,72.35,"EnhancedCNNModel(
  (features): ModuleList(
    (0): SeparableConv2d(
      (depthwise): Conv2d(3, 3, kernel_size=(3, 3), stride=(1, 1), padding=(1, 1), groups=3, bias=False)
      (pointwise): Conv2d(3, 64, kernel_size=(1, 1), stride=(1, 1), bias=False)
    )
    (1): BatchNorm2d(64, eps=1e-05, momentum=0.1, affine=True, track_running_stats=True)
    (2): ReLU(inplace=True)
    (3): MaxPool2d(kernel_size=2, stride=2, padding=0, dilation=1, ceil_mode=False)
    (4): Dropout2d(p=0.2, inplace=False)
    (5): SeparableConv2d(
      (depthwise): Conv2d(64, 64, kernel_size=(3, 3), stride=(1, 1), padding=(1, 1), groups=64, bias=False)
      (pointwise): Conv2d(64, 128, kernel_size=(1, 1), stride=(1, 1), bias=False)
    )
    (6): BatchNorm2d(128, eps=1e-05, momentum=0.1, affine=True, track_running_stats=True)
    (7): ReLU(inplace=True)
    (8): Conv2d(128, 128, kernel_size=(1, 1), stride=(1, 1), bias=False)
    (9): BatchNorm2d(128, eps=1e-05, momentum=0.1, affine=True, track_running_stats=True)
    (10): ReLU(inplace=True)
    (11): MaxPool2d(kernel_size=2, stride=2, padding=0, dilation=1, ceil_mode=False)
    (12): Dropout2d(p=0.2, inplace=False)
    (13): SeparableConv2d(
      (depthwise): Conv2d(128, 128, kernel_size=(3, 3), stride=(1, 1), padding=(1, 1), groups=128, bias=False)
      (pointwise): Conv2d(128, 256, kernel_size=(1, 1), stride=(1, 1), bias=False)
    )
    (14): BatchNorm2d(256, eps=1e-05, momentum=0.1, affine=True, track_running_stats=True)
    (15): ReLU(inplace=True)
    (16): Conv2d(256, 256, kernel_size=(1, 1), stride=(1, 1), bias=False)
    (17): BatchNorm2d(256, eps=1e-05, momentum=0.1, affine=True, track_running_stats=True)
    (18): ReLU(inplace=True)
    (19): MaxPool2d(kernel_size=2, stride=2, padding=0, dilation=1, ceil_mode=False)
    (20): Dropout2d(p=0.2, inplace=False)
  )
  (global_pool): AdaptiveAvgPool2d(output_size=1)
  (dense_layers): ModuleList(
    (0): Linear(in_features=256, out_features=512, bias=True)
    (1): Linear(in_features=512, out_features=256, bias=True)
    (2): Linear(in_features=256, out_features=128, bias=True)
  )
  (dense_bn_layers): ModuleList(
    (0): BatchNorm1d(512, eps=1e-05, momentum=0.1, affine=True, track_running_stats=True)
    (1): BatchNorm1d(256, eps=1e-05, momentum=0.1, affine=True, track_running_stats=True)
    (2): BatchNorm1d(128, eps=1e-05, momentum=0.1, affine=True, track_running_stats=True)
  )
  (dense_dropout_layers): ModuleList(
    (0-2): 3 x Dropout(p=0.2, inplace=False)
  )
  (output_layer): Linear(in_features=128, out_features=10, bias=True)
)",18
"{'conv': [(64, 3), (128, 3), (256, 3)], 'dense': [512, 256, 128], 'residual': True, 'separable': True}",0.0003,0.2,0.01,128,relu,74.69,"EnhancedCNNModel(
  (features): ModuleList(
    (0): SeparableConv2d(
      (depthwise): Conv2d(3, 3, kernel_size=(3, 3), stride=(1, 1), padding=(1, 1), groups=3, bias=False)
      (pointwise): Conv2d(3, 64, kernel_size=(1, 1), stride=(1, 1), bias=False)
    )
    (1): BatchNorm2d(64, eps=1e-05, momentum=0.1, affine=True, track_running_stats=True)
    (2): ReLU(inplace=True)
    (3): MaxPool2d(kernel_size=2, stride=2, padding=0, dilation=1, ceil_mode=False)
    (4): Dropout2d(p=0.2, inplace=False)
    (5): SeparableConv2d(
      (depthwise): Conv2d(64, 64, kernel_size=(3, 3), stride=(1, 1), padding=(1, 1), groups=64, bias=False)
      (pointwise): Conv2d(64, 128, kernel_size=(1, 1), stride=(1, 1), bias=False)
    )
    (6): BatchNorm2d(128, eps=1e-05, momentum=0.1, affine=True, track_running_stats=True)
    (7): ReLU(inplace=True)
    (8): Conv2d(128, 128, kernel_size=(1, 1), stride=(1, 1), bias=False)
    (9): BatchNorm2d(128, eps=1e-05, momentum=0.1, affine=True, track_running_stats=True)
    (10): ReLU(inplace=True)
    (11): MaxPool2d(kernel_size=2, stride=2, padding=0, dilation=1, ceil_mode=False)
    (12): Dropout2d(p=0.2, inplace=False)
    (13): SeparableConv2d(
      (depthwise): Conv2d(128, 128, kernel_size=(3, 3), stride=(1, 1), padding=(1, 1), groups=128, bias=False)
      (pointwise): Conv2d(128, 256, kernel_size=(1, 1), stride=(1, 1), bias=False)
    )
    (14): BatchNorm2d(256, eps=1e-05, momentum=0.1, affine=True, track_running_stats=True)
    (15): ReLU(inplace=True)
    (16): Conv2d(256, 256, kernel_size=(1, 1), stride=(1, 1), bias=False)
    (17): BatchNorm2d(256, eps=1e-05, momentum=0.1, affine=True, track_running_stats=True)
    (18): ReLU(inplace=True)
    (19): MaxPool2d(kernel_size=2, stride=2, padding=0, dilation=1, ceil_mode=False)
    (20): Dropout2d(p=0.2, inplace=False)
  )
  (global_pool): AdaptiveAvgPool2d(output_size=1)
  (dense_layers): ModuleList(
    (0): Linear(in_features=256, out_features=512, bias=True)
    (1): Linear(in_features=512, out_features=256, bias=True)
    (2): Linear(in_features=256, out_features=128, bias=True)
  )
  (dense_bn_layers): ModuleList(
    (0): BatchNorm1d(512, eps=1e-05, momentum=0.1, affine=True, track_running_stats=True)
    (1): BatchNorm1d(256, eps=1e-05, momentum=0.1, affine=True, track_running_stats=True)
    (2): BatchNorm1d(128, eps=1e-05, momentum=0.1, affine=True, track_running_stats=True)
  )
  (dense_dropout_layers): ModuleList(
    (0-2): 3 x Dropout(p=0.2, inplace=False)
  )
  (output_layer): Linear(in_features=128, out_features=10, bias=True)
)",19
"{'conv': [(64, 3), (128, 3), (256, 3)], 'dense': [512, 256, 128], 'residual': True, 'separable': True}",0.0003,0.2,0.01,256,relu,71.31,"EnhancedCNNModel(
  (features): ModuleList(
    (0): SeparableConv2d(
      (depthwise): Conv2d(3, 3, kernel_size=(3, 3), stride=(1, 1), padding=(1, 1), groups=3, bias=False)
      (pointwise): Conv2d(3, 64, kernel_size=(1, 1), stride=(1, 1), bias=False)
    )
    (1): BatchNorm2d(64, eps=1e-05, momentum=0.1, affine=True, track_running_stats=True)
    (2): ReLU(inplace=True)
    (3): MaxPool2d(kernel_size=2, stride=2, padding=0, dilation=1, ceil_mode=False)
    (4): Dropout2d(p=0.2, inplace=False)
    (5): SeparableConv2d(
      (depthwise): Conv2d(64, 64, kernel_size=(3, 3), stride=(1, 1), padding=(1, 1), groups=64, bias=False)
      (pointwise): Conv2d(64, 128, kernel_size=(1, 1), stride=(1, 1), bias=False)
    )
    (6): BatchNorm2d(128, eps=1e-05, momentum=0.1, affine=True, track_running_stats=True)
    (7): ReLU(inplace=True)
    (8): Conv2d(128, 128, kernel_size=(1, 1), stride=(1, 1), bias=False)
    (9): BatchNorm2d(128, eps=1e-05, momentum=0.1, affine=True, track_running_stats=True)
    (10): ReLU(inplace=True)
    (11): MaxPool2d(kernel_size=2, stride=2, padding=0, dilation=1, ceil_mode=False)
    (12): Dropout2d(p=0.2, inplace=False)
    (13): SeparableConv2d(
      (depthwise): Conv2d(128, 128, kernel_size=(3, 3), stride=(1, 1), padding=(1, 1), groups=128, bias=False)
      (pointwise): Conv2d(128, 256, kernel_size=(1, 1), stride=(1, 1), bias=False)
    )
    (14): BatchNorm2d(256, eps=1e-05, momentum=0.1, affine=True, track_running_stats=True)
    (15): ReLU(inplace=True)
    (16): Conv2d(256, 256, kernel_size=(1, 1), stride=(1, 1), bias=False)
    (17): BatchNorm2d(256, eps=1e-05, momentum=0.1, affine=True, track_running_stats=True)
    (18): ReLU(inplace=True)
    (19): MaxPool2d(kernel_size=2, stride=2, padding=0, dilation=1, ceil_mode=False)
    (20): Dropout2d(p=0.2, inplace=False)
  )
  (global_pool): AdaptiveAvgPool2d(output_size=1)
  (dense_layers): ModuleList(
    (0): Linear(in_features=256, out_features=512, bias=True)
    (1): Linear(in_features=512, out_features=256, bias=True)
    (2): Linear(in_features=256, out_features=128, bias=True)
  )
  (dense_bn_layers): ModuleList(
    (0): BatchNorm1d(512, eps=1e-05, momentum=0.1, affine=True, track_running_stats=True)
    (1): BatchNorm1d(256, eps=1e-05, momentum=0.1, affine=True, track_running_stats=True)
    (2): BatchNorm1d(128, eps=1e-05, momentum=0.1, affine=True, track_running_stats=True)
  )
  (dense_dropout_layers): ModuleList(
    (0-2): 3 x Dropout(p=0.2, inplace=False)
  )
  (output_layer): Linear(in_features=128, out_features=10, bias=True)
)",20
"{'conv': [(64, 3), (128, 3), (256, 3)], 'dense': [512, 256, 128], 'residual': True, 'separable': True}",0.0003,0.3,0.001,128,relu,69.34,"EnhancedCNNModel(
  (features): ModuleList(
    (0): SeparableConv2d(
      (depthwise): Conv2d(3, 3, kernel_size=(3, 3), stride=(1, 1), padding=(1, 1), groups=3, bias=False)
      (pointwise): Conv2d(3, 64, kernel_size=(1, 1), stride=(1, 1), bias=False)
    )
    (1): BatchNorm2d(64, eps=1e-05, momentum=0.1, affine=True, track_running_stats=True)
    (2): ReLU(inplace=True)
    (3): MaxPool2d(kernel_size=2, stride=2, padding=0, dilation=1, ceil_mode=False)
    (4): Dropout2d(p=0.3, inplace=False)
    (5): SeparableConv2d(
      (depthwise): Conv2d(64, 64, kernel_size=(3, 3), stride=(1, 1), padding=(1, 1), groups=64, bias=False)
      (pointwise): Conv2d(64, 128, kernel_size=(1, 1), stride=(1, 1), bias=False)
    )
    (6): BatchNorm2d(128, eps=1e-05, momentum=0.1, affine=True, track_running_stats=True)
    (7): ReLU(inplace=True)
    (8): Conv2d(128, 128, kernel_size=(1, 1), stride=(1, 1), bias=False)
    (9): BatchNorm2d(128, eps=1e-05, momentum=0.1, affine=True, track_running_stats=True)
    (10): ReLU(inplace=True)
    (11): MaxPool2d(kernel_size=2, stride=2, padding=0, dilation=1, ceil_mode=False)
    (12): Dropout2d(p=0.3, inplace=False)
    (13): SeparableConv2d(
      (depthwise): Conv2d(128, 128, kernel_size=(3, 3), stride=(1, 1), padding=(1, 1), groups=128, bias=False)
      (pointwise): Conv2d(128, 256, kernel_size=(1, 1), stride=(1, 1), bias=False)
    )
    (14): BatchNorm2d(256, eps=1e-05, momentum=0.1, affine=True, track_running_stats=True)
    (15): ReLU(inplace=True)
    (16): Conv2d(256, 256, kernel_size=(1, 1), stride=(1, 1), bias=False)
    (17): BatchNorm2d(256, eps=1e-05, momentum=0.1, affine=True, track_running_stats=True)
    (18): ReLU(inplace=True)
    (19): MaxPool2d(kernel_size=2, stride=2, padding=0, dilation=1, ceil_mode=False)
    (20): Dropout2d(p=0.3, inplace=False)
  )
  (global_pool): AdaptiveAvgPool2d(output_size=1)
  (dense_layers): ModuleList(
    (0): Linear(in_features=256, out_features=512, bias=True)
    (1): Linear(in_features=512, out_features=256, bias=True)
    (2): Linear(in_features=256, out_features=128, bias=True)
  )
  (dense_bn_layers): ModuleList(
    (0): BatchNorm1d(512, eps=1e-05, momentum=0.1, affine=True, track_running_stats=True)
    (1): BatchNorm1d(256, eps=1e-05, momentum=0.1, affine=True, track_running_stats=True)
    (2): BatchNorm1d(128, eps=1e-05, momentum=0.1, affine=True, track_running_stats=True)
  )
  (dense_dropout_layers): ModuleList(
    (0-2): 3 x Dropout(p=0.3, inplace=False)
  )
  (output_layer): Linear(in_features=128, out_features=10, bias=True)
)",21
"{'conv': [(64, 3), (128, 3), (256, 3)], 'dense': [512, 256, 128], 'residual': True, 'separable': True}",0.0003,0.3,0.001,256,relu,66.06,"EnhancedCNNModel(
  (features): ModuleList(
    (0): SeparableConv2d(
      (depthwise): Conv2d(3, 3, kernel_size=(3, 3), stride=(1, 1), padding=(1, 1), groups=3, bias=False)
      (pointwise): Conv2d(3, 64, kernel_size=(1, 1), stride=(1, 1), bias=False)
    )
    (1): BatchNorm2d(64, eps=1e-05, momentum=0.1, affine=True, track_running_stats=True)
    (2): ReLU(inplace=True)
    (3): MaxPool2d(kernel_size=2, stride=2, padding=0, dilation=1, ceil_mode=False)
    (4): Dropout2d(p=0.3, inplace=False)
    (5): SeparableConv2d(
      (depthwise): Conv2d(64, 64, kernel_size=(3, 3), stride=(1, 1), padding=(1, 1), groups=64, bias=False)
      (pointwise): Conv2d(64, 128, kernel_size=(1, 1), stride=(1, 1), bias=False)
    )
    (6): BatchNorm2d(128, eps=1e-05, momentum=0.1, affine=True, track_running_stats=True)
    (7): ReLU(inplace=True)
    (8): Conv2d(128, 128, kernel_size=(1, 1), stride=(1, 1), bias=False)
    (9): BatchNorm2d(128, eps=1e-05, momentum=0.1, affine=True, track_running_stats=True)
    (10): ReLU(inplace=True)
    (11): MaxPool2d(kernel_size=2, stride=2, padding=0, dilation=1, ceil_mode=False)
    (12): Dropout2d(p=0.3, inplace=False)
    (13): SeparableConv2d(
      (depthwise): Conv2d(128, 128, kernel_size=(3, 3), stride=(1, 1), padding=(1, 1), groups=128, bias=False)
      (pointwise): Conv2d(128, 256, kernel_size=(1, 1), stride=(1, 1), bias=False)
    )
    (14): BatchNorm2d(256, eps=1e-05, momentum=0.1, affine=True, track_running_stats=True)
    (15): ReLU(inplace=True)
    (16): Conv2d(256, 256, kernel_size=(1, 1), stride=(1, 1), bias=False)
    (17): BatchNorm2d(256, eps=1e-05, momentum=0.1, affine=True, track_running_stats=True)
    (18): ReLU(inplace=True)
    (19): MaxPool2d(kernel_size=2, stride=2, padding=0, dilation=1, ceil_mode=False)
    (20): Dropout2d(p=0.3, inplace=False)
  )
  (global_pool): AdaptiveAvgPool2d(output_size=1)
  (dense_layers): ModuleList(
    (0): Linear(in_features=256, out_features=512, bias=True)
    (1): Linear(in_features=512, out_features=256, bias=True)
    (2): Linear(in_features=256, out_features=128, bias=True)
  )
  (dense_bn_layers): ModuleList(
    (0): BatchNorm1d(512, eps=1e-05, momentum=0.1, affine=True, track_running_stats=True)
    (1): BatchNorm1d(256, eps=1e-05, momentum=0.1, affine=True, track_running_stats=True)
    (2): BatchNorm1d(128, eps=1e-05, momentum=0.1, affine=True, track_running_stats=True)
  )
  (dense_dropout_layers): ModuleList(
    (0-2): 3 x Dropout(p=0.3, inplace=False)
  )
  (output_layer): Linear(in_features=128, out_features=10, bias=True)
)",22
"{'conv': [(64, 3), (128, 3), (256, 3)], 'dense': [512, 256, 128], 'residual': True, 'separable': True}",0.0003,0.3,0.01,128,relu,69.02,"EnhancedCNNModel(
  (features): ModuleList(
    (0): SeparableConv2d(
      (depthwise): Conv2d(3, 3, kernel_size=(3, 3), stride=(1, 1), padding=(1, 1), groups=3, bias=False)
      (pointwise): Conv2d(3, 64, kernel_size=(1, 1), stride=(1, 1), bias=False)
    )
    (1): BatchNorm2d(64, eps=1e-05, momentum=0.1, affine=True, track_running_stats=True)
    (2): ReLU(inplace=True)
    (3): MaxPool2d(kernel_size=2, stride=2, padding=0, dilation=1, ceil_mode=False)
    (4): Dropout2d(p=0.3, inplace=False)
    (5): SeparableConv2d(
      (depthwise): Conv2d(64, 64, kernel_size=(3, 3), stride=(1, 1), padding=(1, 1), groups=64, bias=False)
      (pointwise): Conv2d(64, 128, kernel_size=(1, 1), stride=(1, 1), bias=False)
    )
    (6): BatchNorm2d(128, eps=1e-05, momentum=0.1, affine=True, track_running_stats=True)
    (7): ReLU(inplace=True)
    (8): Conv2d(128, 128, kernel_size=(1, 1), stride=(1, 1), bias=False)
    (9): BatchNorm2d(128, eps=1e-05, momentum=0.1, affine=True, track_running_stats=True)
    (10): ReLU(inplace=True)
    (11): MaxPool2d(kernel_size=2, stride=2, padding=0, dilation=1, ceil_mode=False)
    (12): Dropout2d(p=0.3, inplace=False)
    (13): SeparableConv2d(
      (depthwise): Conv2d(128, 128, kernel_size=(3, 3), stride=(1, 1), padding=(1, 1), groups=128, bias=False)
      (pointwise): Conv2d(128, 256, kernel_size=(1, 1), stride=(1, 1), bias=False)
    )
    (14): BatchNorm2d(256, eps=1e-05, momentum=0.1, affine=True, track_running_stats=True)
    (15): ReLU(inplace=True)
    (16): Conv2d(256, 256, kernel_size=(1, 1), stride=(1, 1), bias=False)
    (17): BatchNorm2d(256, eps=1e-05, momentum=0.1, affine=True, track_running_stats=True)
    (18): ReLU(inplace=True)
    (19): MaxPool2d(kernel_size=2, stride=2, padding=0, dilation=1, ceil_mode=False)
    (20): Dropout2d(p=0.3, inplace=False)
  )
  (global_pool): AdaptiveAvgPool2d(output_size=1)
  (dense_layers): ModuleList(
    (0): Linear(in_features=256, out_features=512, bias=True)
    (1): Linear(in_features=512, out_features=256, bias=True)
    (2): Linear(in_features=256, out_features=128, bias=True)
  )
  (dense_bn_layers): ModuleList(
    (0): BatchNorm1d(512, eps=1e-05, momentum=0.1, affine=True, track_running_stats=True)
    (1): BatchNorm1d(256, eps=1e-05, momentum=0.1, affine=True, track_running_stats=True)
    (2): BatchNorm1d(128, eps=1e-05, momentum=0.1, affine=True, track_running_stats=True)
  )
  (dense_dropout_layers): ModuleList(
    (0-2): 3 x Dropout(p=0.3, inplace=False)
  )
  (output_layer): Linear(in_features=128, out_features=10, bias=True)
)",23
"{'conv': [(64, 3), (128, 3), (256, 3)], 'dense': [512, 256, 128], 'residual': True, 'separable': True}",0.0003,0.3,0.01,256,relu,66.79,"EnhancedCNNModel(
  (features): ModuleList(
    (0): SeparableConv2d(
      (depthwise): Conv2d(3, 3, kernel_size=(3, 3), stride=(1, 1), padding=(1, 1), groups=3, bias=False)
      (pointwise): Conv2d(3, 64, kernel_size=(1, 1), stride=(1, 1), bias=False)
    )
    (1): BatchNorm2d(64, eps=1e-05, momentum=0.1, affine=True, track_running_stats=True)
    (2): ReLU(inplace=True)
    (3): MaxPool2d(kernel_size=2, stride=2, padding=0, dilation=1, ceil_mode=False)
    (4): Dropout2d(p=0.3, inplace=False)
    (5): SeparableConv2d(
      (depthwise): Conv2d(64, 64, kernel_size=(3, 3), stride=(1, 1), padding=(1, 1), groups=64, bias=False)
      (pointwise): Conv2d(64, 128, kernel_size=(1, 1), stride=(1, 1), bias=False)
    )
    (6): BatchNorm2d(128, eps=1e-05, momentum=0.1, affine=True, track_running_stats=True)
    (7): ReLU(inplace=True)
    (8): Conv2d(128, 128, kernel_size=(1, 1), stride=(1, 1), bias=False)
    (9): BatchNorm2d(128, eps=1e-05, momentum=0.1, affine=True, track_running_stats=True)
    (10): ReLU(inplace=True)
    (11): MaxPool2d(kernel_size=2, stride=2, padding=0, dilation=1, ceil_mode=False)
    (12): Dropout2d(p=0.3, inplace=False)
    (13): SeparableConv2d(
      (depthwise): Conv2d(128, 128, kernel_size=(3, 3), stride=(1, 1), padding=(1, 1), groups=128, bias=False)
      (pointwise): Conv2d(128, 256, kernel_size=(1, 1), stride=(1, 1), bias=False)
    )
    (14): BatchNorm2d(256, eps=1e-05, momentum=0.1, affine=True, track_running_stats=True)
    (15): ReLU(inplace=True)
    (16): Conv2d(256, 256, kernel_size=(1, 1), stride=(1, 1), bias=False)
    (17): BatchNorm2d(256, eps=1e-05, momentum=0.1, affine=True, track_running_stats=True)
    (18): ReLU(inplace=True)
    (19): MaxPool2d(kernel_size=2, stride=2, padding=0, dilation=1, ceil_mode=False)
    (20): Dropout2d(p=0.3, inplace=False)
  )
  (global_pool): AdaptiveAvgPool2d(output_size=1)
  (dense_layers): ModuleList(
    (0): Linear(in_features=256, out_features=512, bias=True)
    (1): Linear(in_features=512, out_features=256, bias=True)
    (2): Linear(in_features=256, out_features=128, bias=True)
  )
  (dense_bn_layers): ModuleList(
    (0): BatchNorm1d(512, eps=1e-05, momentum=0.1, affine=True, track_running_stats=True)
    (1): BatchNorm1d(256, eps=1e-05, momentum=0.1, affine=True, track_running_stats=True)
    (2): BatchNorm1d(128, eps=1e-05, momentum=0.1, affine=True, track_running_stats=True)
  )
  (dense_dropout_layers): ModuleList(
    (0-2): 3 x Dropout(p=0.3, inplace=False)
  )
  (output_layer): Linear(in_features=128, out_features=10, bias=True)
)",24
"{'conv': [(64, 3), (128, 3), (256, 3)], 'dense': [512, 256, 128], 'residual': True, 'separable': True}",0.0005,0.2,0.001,128,relu,76.04,"EnhancedCNNModel(
  (features): ModuleList(
    (0): SeparableConv2d(
      (depthwise): Conv2d(3, 3, kernel_size=(3, 3), stride=(1, 1), padding=(1, 1), groups=3, bias=False)
      (pointwise): Conv2d(3, 64, kernel_size=(1, 1), stride=(1, 1), bias=False)
    )
    (1): BatchNorm2d(64, eps=1e-05, momentum=0.1, affine=True, track_running_stats=True)
    (2): ReLU(inplace=True)
    (3): MaxPool2d(kernel_size=2, stride=2, padding=0, dilation=1, ceil_mode=False)
    (4): Dropout2d(p=0.2, inplace=False)
    (5): SeparableConv2d(
      (depthwise): Conv2d(64, 64, kernel_size=(3, 3), stride=(1, 1), padding=(1, 1), groups=64, bias=False)
      (pointwise): Conv2d(64, 128, kernel_size=(1, 1), stride=(1, 1), bias=False)
    )
    (6): BatchNorm2d(128, eps=1e-05, momentum=0.1, affine=True, track_running_stats=True)
    (7): ReLU(inplace=True)
    (8): Conv2d(128, 128, kernel_size=(1, 1), stride=(1, 1), bias=False)
    (9): BatchNorm2d(128, eps=1e-05, momentum=0.1, affine=True, track_running_stats=True)
    (10): ReLU(inplace=True)
    (11): MaxPool2d(kernel_size=2, stride=2, padding=0, dilation=1, ceil_mode=False)
    (12): Dropout2d(p=0.2, inplace=False)
    (13): SeparableConv2d(
      (depthwise): Conv2d(128, 128, kernel_size=(3, 3), stride=(1, 1), padding=(1, 1), groups=128, bias=False)
      (pointwise): Conv2d(128, 256, kernel_size=(1, 1), stride=(1, 1), bias=False)
    )
    (14): BatchNorm2d(256, eps=1e-05, momentum=0.1, affine=True, track_running_stats=True)
    (15): ReLU(inplace=True)
    (16): Conv2d(256, 256, kernel_size=(1, 1), stride=(1, 1), bias=False)
    (17): BatchNorm2d(256, eps=1e-05, momentum=0.1, affine=True, track_running_stats=True)
    (18): ReLU(inplace=True)
    (19): MaxPool2d(kernel_size=2, stride=2, padding=0, dilation=1, ceil_mode=False)
    (20): Dropout2d(p=0.2, inplace=False)
  )
  (global_pool): AdaptiveAvgPool2d(output_size=1)
  (dense_layers): ModuleList(
    (0): Linear(in_features=256, out_features=512, bias=True)
    (1): Linear(in_features=512, out_features=256, bias=True)
    (2): Linear(in_features=256, out_features=128, bias=True)
  )
  (dense_bn_layers): ModuleList(
    (0): BatchNorm1d(512, eps=1e-05, momentum=0.1, affine=True, track_running_stats=True)
    (1): BatchNorm1d(256, eps=1e-05, momentum=0.1, affine=True, track_running_stats=True)
    (2): BatchNorm1d(128, eps=1e-05, momentum=0.1, affine=True, track_running_stats=True)
  )
  (dense_dropout_layers): ModuleList(
    (0-2): 3 x Dropout(p=0.2, inplace=False)
  )
  (output_layer): Linear(in_features=128, out_features=10, bias=True)
)",25
"{'conv': [(64, 3), (128, 3), (256, 3)], 'dense': [512, 256, 128], 'residual': True, 'separable': True}",0.0005,0.2,0.001,256,relu,75.13,"EnhancedCNNModel(
  (features): ModuleList(
    (0): SeparableConv2d(
      (depthwise): Conv2d(3, 3, kernel_size=(3, 3), stride=(1, 1), padding=(1, 1), groups=3, bias=False)
      (pointwise): Conv2d(3, 64, kernel_size=(1, 1), stride=(1, 1), bias=False)
    )
    (1): BatchNorm2d(64, eps=1e-05, momentum=0.1, affine=True, track_running_stats=True)
    (2): ReLU(inplace=True)
    (3): MaxPool2d(kernel_size=2, stride=2, padding=0, dilation=1, ceil_mode=False)
    (4): Dropout2d(p=0.2, inplace=False)
    (5): SeparableConv2d(
      (depthwise): Conv2d(64, 64, kernel_size=(3, 3), stride=(1, 1), padding=(1, 1), groups=64, bias=False)
      (pointwise): Conv2d(64, 128, kernel_size=(1, 1), stride=(1, 1), bias=False)
    )
    (6): BatchNorm2d(128, eps=1e-05, momentum=0.1, affine=True, track_running_stats=True)
    (7): ReLU(inplace=True)
    (8): Conv2d(128, 128, kernel_size=(1, 1), stride=(1, 1), bias=False)
    (9): BatchNorm2d(128, eps=1e-05, momentum=0.1, affine=True, track_running_stats=True)
    (10): ReLU(inplace=True)
    (11): MaxPool2d(kernel_size=2, stride=2, padding=0, dilation=1, ceil_mode=False)
    (12): Dropout2d(p=0.2, inplace=False)
    (13): SeparableConv2d(
      (depthwise): Conv2d(128, 128, kernel_size=(3, 3), stride=(1, 1), padding=(1, 1), groups=128, bias=False)
      (pointwise): Conv2d(128, 256, kernel_size=(1, 1), stride=(1, 1), bias=False)
    )
    (14): BatchNorm2d(256, eps=1e-05, momentum=0.1, affine=True, track_running_stats=True)
    (15): ReLU(inplace=True)
    (16): Conv2d(256, 256, kernel_size=(1, 1), stride=(1, 1), bias=False)
    (17): BatchNorm2d(256, eps=1e-05, momentum=0.1, affine=True, track_running_stats=True)
    (18): ReLU(inplace=True)
    (19): MaxPool2d(kernel_size=2, stride=2, padding=0, dilation=1, ceil_mode=False)
    (20): Dropout2d(p=0.2, inplace=False)
  )
  (global_pool): AdaptiveAvgPool2d(output_size=1)
  (dense_layers): ModuleList(
    (0): Linear(in_features=256, out_features=512, bias=True)
    (1): Linear(in_features=512, out_features=256, bias=True)
    (2): Linear(in_features=256, out_features=128, bias=True)
  )
  (dense_bn_layers): ModuleList(
    (0): BatchNorm1d(512, eps=1e-05, momentum=0.1, affine=True, track_running_stats=True)
    (1): BatchNorm1d(256, eps=1e-05, momentum=0.1, affine=True, track_running_stats=True)
    (2): BatchNorm1d(128, eps=1e-05, momentum=0.1, affine=True, track_running_stats=True)
  )
  (dense_dropout_layers): ModuleList(
    (0-2): 3 x Dropout(p=0.2, inplace=False)
  )
  (output_layer): Linear(in_features=128, out_features=10, bias=True)
)",26
"{'conv': [(64, 3), (128, 3), (256, 3)], 'dense': [512, 256, 128], 'residual': True, 'separable': True}",0.0005,0.2,0.01,128,relu,75.73,"EnhancedCNNModel(
  (features): ModuleList(
    (0): SeparableConv2d(
      (depthwise): Conv2d(3, 3, kernel_size=(3, 3), stride=(1, 1), padding=(1, 1), groups=3, bias=False)
      (pointwise): Conv2d(3, 64, kernel_size=(1, 1), stride=(1, 1), bias=False)
    )
    (1): BatchNorm2d(64, eps=1e-05, momentum=0.1, affine=True, track_running_stats=True)
    (2): ReLU(inplace=True)
    (3): MaxPool2d(kernel_size=2, stride=2, padding=0, dilation=1, ceil_mode=False)
    (4): Dropout2d(p=0.2, inplace=False)
    (5): SeparableConv2d(
      (depthwise): Conv2d(64, 64, kernel_size=(3, 3), stride=(1, 1), padding=(1, 1), groups=64, bias=False)
      (pointwise): Conv2d(64, 128, kernel_size=(1, 1), stride=(1, 1), bias=False)
    )
    (6): BatchNorm2d(128, eps=1e-05, momentum=0.1, affine=True, track_running_stats=True)
    (7): ReLU(inplace=True)
    (8): Conv2d(128, 128, kernel_size=(1, 1), stride=(1, 1), bias=False)
    (9): BatchNorm2d(128, eps=1e-05, momentum=0.1, affine=True, track_running_stats=True)
    (10): ReLU(inplace=True)
    (11): MaxPool2d(kernel_size=2, stride=2, padding=0, dilation=1, ceil_mode=False)
    (12): Dropout2d(p=0.2, inplace=False)
    (13): SeparableConv2d(
      (depthwise): Conv2d(128, 128, kernel_size=(3, 3), stride=(1, 1), padding=(1, 1), groups=128, bias=False)
      (pointwise): Conv2d(128, 256, kernel_size=(1, 1), stride=(1, 1), bias=False)
    )
    (14): BatchNorm2d(256, eps=1e-05, momentum=0.1, affine=True, track_running_stats=True)
    (15): ReLU(inplace=True)
    (16): Conv2d(256, 256, kernel_size=(1, 1), stride=(1, 1), bias=False)
    (17): BatchNorm2d(256, eps=1e-05, momentum=0.1, affine=True, track_running_stats=True)
    (18): ReLU(inplace=True)
    (19): MaxPool2d(kernel_size=2, stride=2, padding=0, dilation=1, ceil_mode=False)
    (20): Dropout2d(p=0.2, inplace=False)
  )
  (global_pool): AdaptiveAvgPool2d(output_size=1)
  (dense_layers): ModuleList(
    (0): Linear(in_features=256, out_features=512, bias=True)
    (1): Linear(in_features=512, out_features=256, bias=True)
    (2): Linear(in_features=256, out_features=128, bias=True)
  )
  (dense_bn_layers): ModuleList(
    (0): BatchNorm1d(512, eps=1e-05, momentum=0.1, affine=True, track_running_stats=True)
    (1): BatchNorm1d(256, eps=1e-05, momentum=0.1, affine=True, track_running_stats=True)
    (2): BatchNorm1d(128, eps=1e-05, momentum=0.1, affine=True, track_running_stats=True)
  )
  (dense_dropout_layers): ModuleList(
    (0-2): 3 x Dropout(p=0.2, inplace=False)
  )
  (output_layer): Linear(in_features=128, out_features=10, bias=True)
)",27
"{'conv': [(64, 3), (128, 3), (256, 3)], 'dense': [512, 256, 128], 'residual': True, 'separable': True}",0.0005,0.2,0.01,256,relu,75.11,"EnhancedCNNModel(
  (features): ModuleList(
    (0): SeparableConv2d(
      (depthwise): Conv2d(3, 3, kernel_size=(3, 3), stride=(1, 1), padding=(1, 1), groups=3, bias=False)
      (pointwise): Conv2d(3, 64, kernel_size=(1, 1), stride=(1, 1), bias=False)
    )
    (1): BatchNorm2d(64, eps=1e-05, momentum=0.1, affine=True, track_running_stats=True)
    (2): ReLU(inplace=True)
    (3): MaxPool2d(kernel_size=2, stride=2, padding=0, dilation=1, ceil_mode=False)
    (4): Dropout2d(p=0.2, inplace=False)
    (5): SeparableConv2d(
      (depthwise): Conv2d(64, 64, kernel_size=(3, 3), stride=(1, 1), padding=(1, 1), groups=64, bias=False)
      (pointwise): Conv2d(64, 128, kernel_size=(1, 1), stride=(1, 1), bias=False)
    )
    (6): BatchNorm2d(128, eps=1e-05, momentum=0.1, affine=True, track_running_stats=True)
    (7): ReLU(inplace=True)
    (8): Conv2d(128, 128, kernel_size=(1, 1), stride=(1, 1), bias=False)
    (9): BatchNorm2d(128, eps=1e-05, momentum=0.1, affine=True, track_running_stats=True)
    (10): ReLU(inplace=True)
    (11): MaxPool2d(kernel_size=2, stride=2, padding=0, dilation=1, ceil_mode=False)
    (12): Dropout2d(p=0.2, inplace=False)
    (13): SeparableConv2d(
      (depthwise): Conv2d(128, 128, kernel_size=(3, 3), stride=(1, 1), padding=(1, 1), groups=128, bias=False)
      (pointwise): Conv2d(128, 256, kernel_size=(1, 1), stride=(1, 1), bias=False)
    )
    (14): BatchNorm2d(256, eps=1e-05, momentum=0.1, affine=True, track_running_stats=True)
    (15): ReLU(inplace=True)
    (16): Conv2d(256, 256, kernel_size=(1, 1), stride=(1, 1), bias=False)
    (17): BatchNorm2d(256, eps=1e-05, momentum=0.1, affine=True, track_running_stats=True)
    (18): ReLU(inplace=True)
    (19): MaxPool2d(kernel_size=2, stride=2, padding=0, dilation=1, ceil_mode=False)
    (20): Dropout2d(p=0.2, inplace=False)
  )
  (global_pool): AdaptiveAvgPool2d(output_size=1)
  (dense_layers): ModuleList(
    (0): Linear(in_features=256, out_features=512, bias=True)
    (1): Linear(in_features=512, out_features=256, bias=True)
    (2): Linear(in_features=256, out_features=128, bias=True)
  )
  (dense_bn_layers): ModuleList(
    (0): BatchNorm1d(512, eps=1e-05, momentum=0.1, affine=True, track_running_stats=True)
    (1): BatchNorm1d(256, eps=1e-05, momentum=0.1, affine=True, track_running_stats=True)
    (2): BatchNorm1d(128, eps=1e-05, momentum=0.1, affine=True, track_running_stats=True)
  )
  (dense_dropout_layers): ModuleList(
    (0-2): 3 x Dropout(p=0.2, inplace=False)
  )
  (output_layer): Linear(in_features=128, out_features=10, bias=True)
)",28
"{'conv': [(64, 3), (128, 3), (256, 3)], 'dense': [512, 256, 128], 'residual': True, 'separable': True}",0.0005,0.3,0.001,128,relu,73.8,"EnhancedCNNModel(
  (features): ModuleList(
    (0): SeparableConv2d(
      (depthwise): Conv2d(3, 3, kernel_size=(3, 3), stride=(1, 1), padding=(1, 1), groups=3, bias=False)
      (pointwise): Conv2d(3, 64, kernel_size=(1, 1), stride=(1, 1), bias=False)
    )
    (1): BatchNorm2d(64, eps=1e-05, momentum=0.1, affine=True, track_running_stats=True)
    (2): ReLU(inplace=True)
    (3): MaxPool2d(kernel_size=2, stride=2, padding=0, dilation=1, ceil_mode=False)
    (4): Dropout2d(p=0.3, inplace=False)
    (5): SeparableConv2d(
      (depthwise): Conv2d(64, 64, kernel_size=(3, 3), stride=(1, 1), padding=(1, 1), groups=64, bias=False)
      (pointwise): Conv2d(64, 128, kernel_size=(1, 1), stride=(1, 1), bias=False)
    )
    (6): BatchNorm2d(128, eps=1e-05, momentum=0.1, affine=True, track_running_stats=True)
    (7): ReLU(inplace=True)
    (8): Conv2d(128, 128, kernel_size=(1, 1), stride=(1, 1), bias=False)
    (9): BatchNorm2d(128, eps=1e-05, momentum=0.1, affine=True, track_running_stats=True)
    (10): ReLU(inplace=True)
    (11): MaxPool2d(kernel_size=2, stride=2, padding=0, dilation=1, ceil_mode=False)
    (12): Dropout2d(p=0.3, inplace=False)
    (13): SeparableConv2d(
      (depthwise): Conv2d(128, 128, kernel_size=(3, 3), stride=(1, 1), padding=(1, 1), groups=128, bias=False)
      (pointwise): Conv2d(128, 256, kernel_size=(1, 1), stride=(1, 1), bias=False)
    )
    (14): BatchNorm2d(256, eps=1e-05, momentum=0.1, affine=True, track_running_stats=True)
    (15): ReLU(inplace=True)
    (16): Conv2d(256, 256, kernel_size=(1, 1), stride=(1, 1), bias=False)
    (17): BatchNorm2d(256, eps=1e-05, momentum=0.1, affine=True, track_running_stats=True)
    (18): ReLU(inplace=True)
    (19): MaxPool2d(kernel_size=2, stride=2, padding=0, dilation=1, ceil_mode=False)
    (20): Dropout2d(p=0.3, inplace=False)
  )
  (global_pool): AdaptiveAvgPool2d(output_size=1)
  (dense_layers): ModuleList(
    (0): Linear(in_features=256, out_features=512, bias=True)
    (1): Linear(in_features=512, out_features=256, bias=True)
    (2): Linear(in_features=256, out_features=128, bias=True)
  )
  (dense_bn_layers): ModuleList(
    (0): BatchNorm1d(512, eps=1e-05, momentum=0.1, affine=True, track_running_stats=True)
    (1): BatchNorm1d(256, eps=1e-05, momentum=0.1, affine=True, track_running_stats=True)
    (2): BatchNorm1d(128, eps=1e-05, momentum=0.1, affine=True, track_running_stats=True)
  )
  (dense_dropout_layers): ModuleList(
    (0-2): 3 x Dropout(p=0.3, inplace=False)
  )
  (output_layer): Linear(in_features=128, out_features=10, bias=True)
)",29
"{'conv': [(64, 3), (128, 3), (256, 3)], 'dense': [512, 256, 128], 'residual': True, 'separable': True}",0.0005,0.3,0.001,256,relu,70.43,"EnhancedCNNModel(
  (features): ModuleList(
    (0): SeparableConv2d(
      (depthwise): Conv2d(3, 3, kernel_size=(3, 3), stride=(1, 1), padding=(1, 1), groups=3, bias=False)
      (pointwise): Conv2d(3, 64, kernel_size=(1, 1), stride=(1, 1), bias=False)
    )
    (1): BatchNorm2d(64, eps=1e-05, momentum=0.1, affine=True, track_running_stats=True)
    (2): ReLU(inplace=True)
    (3): MaxPool2d(kernel_size=2, stride=2, padding=0, dilation=1, ceil_mode=False)
    (4): Dropout2d(p=0.3, inplace=False)
    (5): SeparableConv2d(
      (depthwise): Conv2d(64, 64, kernel_size=(3, 3), stride=(1, 1), padding=(1, 1), groups=64, bias=False)
      (pointwise): Conv2d(64, 128, kernel_size=(1, 1), stride=(1, 1), bias=False)
    )
    (6): BatchNorm2d(128, eps=1e-05, momentum=0.1, affine=True, track_running_stats=True)
    (7): ReLU(inplace=True)
    (8): Conv2d(128, 128, kernel_size=(1, 1), stride=(1, 1), bias=False)
    (9): BatchNorm2d(128, eps=1e-05, momentum=0.1, affine=True, track_running_stats=True)
    (10): ReLU(inplace=True)
    (11): MaxPool2d(kernel_size=2, stride=2, padding=0, dilation=1, ceil_mode=False)
    (12): Dropout2d(p=0.3, inplace=False)
    (13): SeparableConv2d(
      (depthwise): Conv2d(128, 128, kernel_size=(3, 3), stride=(1, 1), padding=(1, 1), groups=128, bias=False)
      (pointwise): Conv2d(128, 256, kernel_size=(1, 1), stride=(1, 1), bias=False)
    )
    (14): BatchNorm2d(256, eps=1e-05, momentum=0.1, affine=True, track_running_stats=True)
    (15): ReLU(inplace=True)
    (16): Conv2d(256, 256, kernel_size=(1, 1), stride=(1, 1), bias=False)
    (17): BatchNorm2d(256, eps=1e-05, momentum=0.1, affine=True, track_running_stats=True)
    (18): ReLU(inplace=True)
    (19): MaxPool2d(kernel_size=2, stride=2, padding=0, dilation=1, ceil_mode=False)
    (20): Dropout2d(p=0.3, inplace=False)
  )
  (global_pool): AdaptiveAvgPool2d(output_size=1)
  (dense_layers): ModuleList(
    (0): Linear(in_features=256, out_features=512, bias=True)
    (1): Linear(in_features=512, out_features=256, bias=True)
    (2): Linear(in_features=256, out_features=128, bias=True)
  )
  (dense_bn_layers): ModuleList(
    (0): BatchNorm1d(512, eps=1e-05, momentum=0.1, affine=True, track_running_stats=True)
    (1): BatchNorm1d(256, eps=1e-05, momentum=0.1, affine=True, track_running_stats=True)
    (2): BatchNorm1d(128, eps=1e-05, momentum=0.1, affine=True, track_running_stats=True)
  )
  (dense_dropout_layers): ModuleList(
    (0-2): 3 x Dropout(p=0.3, inplace=False)
  )
  (output_layer): Linear(in_features=128, out_features=10, bias=True)
)",30
"{'conv': [(64, 3), (128, 3), (256, 3)], 'dense': [512, 256, 128], 'residual': True, 'separable': True}",0.0005,0.3,0.01,128,relu,74.63,"EnhancedCNNModel(
  (features): ModuleList(
    (0): SeparableConv2d(
      (depthwise): Conv2d(3, 3, kernel_size=(3, 3), stride=(1, 1), padding=(1, 1), groups=3, bias=False)
      (pointwise): Conv2d(3, 64, kernel_size=(1, 1), stride=(1, 1), bias=False)
    )
    (1): BatchNorm2d(64, eps=1e-05, momentum=0.1, affine=True, track_running_stats=True)
    (2): ReLU(inplace=True)
    (3): MaxPool2d(kernel_size=2, stride=2, padding=0, dilation=1, ceil_mode=False)
    (4): Dropout2d(p=0.3, inplace=False)
    (5): SeparableConv2d(
      (depthwise): Conv2d(64, 64, kernel_size=(3, 3), stride=(1, 1), padding=(1, 1), groups=64, bias=False)
      (pointwise): Conv2d(64, 128, kernel_size=(1, 1), stride=(1, 1), bias=False)
    )
    (6): BatchNorm2d(128, eps=1e-05, momentum=0.1, affine=True, track_running_stats=True)
    (7): ReLU(inplace=True)
    (8): Conv2d(128, 128, kernel_size=(1, 1), stride=(1, 1), bias=False)
    (9): BatchNorm2d(128, eps=1e-05, momentum=0.1, affine=True, track_running_stats=True)
    (10): ReLU(inplace=True)
    (11): MaxPool2d(kernel_size=2, stride=2, padding=0, dilation=1, ceil_mode=False)
    (12): Dropout2d(p=0.3, inplace=False)
    (13): SeparableConv2d(
      (depthwise): Conv2d(128, 128, kernel_size=(3, 3), stride=(1, 1), padding=(1, 1), groups=128, bias=False)
      (pointwise): Conv2d(128, 256, kernel_size=(1, 1), stride=(1, 1), bias=False)
    )
    (14): BatchNorm2d(256, eps=1e-05, momentum=0.1, affine=True, track_running_stats=True)
    (15): ReLU(inplace=True)
    (16): Conv2d(256, 256, kernel_size=(1, 1), stride=(1, 1), bias=False)
    (17): BatchNorm2d(256, eps=1e-05, momentum=0.1, affine=True, track_running_stats=True)
    (18): ReLU(inplace=True)
    (19): MaxPool2d(kernel_size=2, stride=2, padding=0, dilation=1, ceil_mode=False)
    (20): Dropout2d(p=0.3, inplace=False)
  )
  (global_pool): AdaptiveAvgPool2d(output_size=1)
  (dense_layers): ModuleList(
    (0): Linear(in_features=256, out_features=512, bias=True)
    (1): Linear(in_features=512, out_features=256, bias=True)
    (2): Linear(in_features=256, out_features=128, bias=True)
  )
  (dense_bn_layers): ModuleList(
    (0): BatchNorm1d(512, eps=1e-05, momentum=0.1, affine=True, track_running_stats=True)
    (1): BatchNorm1d(256, eps=1e-05, momentum=0.1, affine=True, track_running_stats=True)
    (2): BatchNorm1d(128, eps=1e-05, momentum=0.1, affine=True, track_running_stats=True)
  )
  (dense_dropout_layers): ModuleList(
    (0-2): 3 x Dropout(p=0.3, inplace=False)
  )
  (output_layer): Linear(in_features=128, out_features=10, bias=True)
)",31
"{'conv': [(64, 3), (128, 3), (256, 3)], 'dense': [512, 256, 128], 'residual': True, 'separable': True}",0.0005,0.3,0.01,256,relu,72.26,"EnhancedCNNModel(
  (features): ModuleList(
    (0): SeparableConv2d(
      (depthwise): Conv2d(3, 3, kernel_size=(3, 3), stride=(1, 1), padding=(1, 1), groups=3, bias=False)
      (pointwise): Conv2d(3, 64, kernel_size=(1, 1), stride=(1, 1), bias=False)
    )
    (1): BatchNorm2d(64, eps=1e-05, momentum=0.1, affine=True, track_running_stats=True)
    (2): ReLU(inplace=True)
    (3): MaxPool2d(kernel_size=2, stride=2, padding=0, dilation=1, ceil_mode=False)
    (4): Dropout2d(p=0.3, inplace=False)
    (5): SeparableConv2d(
      (depthwise): Conv2d(64, 64, kernel_size=(3, 3), stride=(1, 1), padding=(1, 1), groups=64, bias=False)
      (pointwise): Conv2d(64, 128, kernel_size=(1, 1), stride=(1, 1), bias=False)
    )
    (6): BatchNorm2d(128, eps=1e-05, momentum=0.1, affine=True, track_running_stats=True)
    (7): ReLU(inplace=True)
    (8): Conv2d(128, 128, kernel_size=(1, 1), stride=(1, 1), bias=False)
    (9): BatchNorm2d(128, eps=1e-05, momentum=0.1, affine=True, track_running_stats=True)
    (10): ReLU(inplace=True)
    (11): MaxPool2d(kernel_size=2, stride=2, padding=0, dilation=1, ceil_mode=False)
    (12): Dropout2d(p=0.3, inplace=False)
    (13): SeparableConv2d(
      (depthwise): Conv2d(128, 128, kernel_size=(3, 3), stride=(1, 1), padding=(1, 1), groups=128, bias=False)
      (pointwise): Conv2d(128, 256, kernel_size=(1, 1), stride=(1, 1), bias=False)
    )
    (14): BatchNorm2d(256, eps=1e-05, momentum=0.1, affine=True, track_running_stats=True)
    (15): ReLU(inplace=True)
    (16): Conv2d(256, 256, kernel_size=(1, 1), stride=(1, 1), bias=False)
    (17): BatchNorm2d(256, eps=1e-05, momentum=0.1, affine=True, track_running_stats=True)
    (18): ReLU(inplace=True)
    (19): MaxPool2d(kernel_size=2, stride=2, padding=0, dilation=1, ceil_mode=False)
    (20): Dropout2d(p=0.3, inplace=False)
  )
  (global_pool): AdaptiveAvgPool2d(output_size=1)
  (dense_layers): ModuleList(
    (0): Linear(in_features=256, out_features=512, bias=True)
    (1): Linear(in_features=512, out_features=256, bias=True)
    (2): Linear(in_features=256, out_features=128, bias=True)
  )
  (dense_bn_layers): ModuleList(
    (0): BatchNorm1d(512, eps=1e-05, momentum=0.1, affine=True, track_running_stats=True)
    (1): BatchNorm1d(256, eps=1e-05, momentum=0.1, affine=True, track_running_stats=True)
    (2): BatchNorm1d(128, eps=1e-05, momentum=0.1, affine=True, track_running_stats=True)
  )
  (dense_dropout_layers): ModuleList(
    (0-2): 3 x Dropout(p=0.3, inplace=False)
  )
  (output_layer): Linear(in_features=128, out_features=10, bias=True)
)",32
"{'conv': [(32, 3), (64, 3), (128, 3), (256, 3)], 'dense': [512, 256, 128], 'residual': True, 'separable': True}",0.0003,0.2,0.001,128,relu,71.38,"EnhancedCNNModel(
  (features): ModuleList(
    (0): SeparableConv2d(
      (depthwise): Conv2d(3, 3, kernel_size=(3, 3), stride=(1, 1), padding=(1, 1), groups=3, bias=False)
      (pointwise): Conv2d(3, 32, kernel_size=(1, 1), stride=(1, 1), bias=False)
    )
    (1): BatchNorm2d(32, eps=1e-05, momentum=0.1, affine=True, track_running_stats=True)
    (2): ReLU(inplace=True)
    (3): MaxPool2d(kernel_size=2, stride=2, padding=0, dilation=1, ceil_mode=False)
    (4): Dropout2d(p=0.2, inplace=False)
    (5): SeparableConv2d(
      (depthwise): Conv2d(32, 32, kernel_size=(3, 3), stride=(1, 1), padding=(1, 1), groups=32, bias=False)
      (pointwise): Conv2d(32, 64, kernel_size=(1, 1), stride=(1, 1), bias=False)
    )
    (6): BatchNorm2d(64, eps=1e-05, momentum=0.1, affine=True, track_running_stats=True)
    (7): ReLU(inplace=True)
    (8): Conv2d(64, 64, kernel_size=(1, 1), stride=(1, 1), bias=False)
    (9): BatchNorm2d(64, eps=1e-05, momentum=0.1, affine=True, track_running_stats=True)
    (10): ReLU(inplace=True)
    (11): MaxPool2d(kernel_size=2, stride=2, padding=0, dilation=1, ceil_mode=False)
    (12): Dropout2d(p=0.2, inplace=False)
    (13): SeparableConv2d(
      (depthwise): Conv2d(64, 64, kernel_size=(3, 3), stride=(1, 1), padding=(1, 1), groups=64, bias=False)
      (pointwise): Conv2d(64, 128, kernel_size=(1, 1), stride=(1, 1), bias=False)
    )
    (14): BatchNorm2d(128, eps=1e-05, momentum=0.1, affine=True, track_running_stats=True)
    (15): ReLU(inplace=True)
    (16): Conv2d(128, 128, kernel_size=(1, 1), stride=(1, 1), bias=False)
    (17): BatchNorm2d(128, eps=1e-05, momentum=0.1, affine=True, track_running_stats=True)
    (18): ReLU(inplace=True)
    (19): MaxPool2d(kernel_size=2, stride=2, padding=0, dilation=1, ceil_mode=False)
    (20): Dropout2d(p=0.2, inplace=False)
    (21): SeparableConv2d(
      (depthwise): Conv2d(128, 128, kernel_size=(3, 3), stride=(1, 1), padding=(1, 1), groups=128, bias=False)
      (pointwise): Conv2d(128, 256, kernel_size=(1, 1), stride=(1, 1), bias=False)
    )
    (22): BatchNorm2d(256, eps=1e-05, momentum=0.1, affine=True, track_running_stats=True)
    (23): ReLU(inplace=True)
    (24): Conv2d(256, 256, kernel_size=(1, 1), stride=(1, 1), bias=False)
    (25): BatchNorm2d(256, eps=1e-05, momentum=0.1, affine=True, track_running_stats=True)
    (26): ReLU(inplace=True)
    (27): MaxPool2d(kernel_size=2, stride=2, padding=0, dilation=1, ceil_mode=False)
    (28): Dropout2d(p=0.2, inplace=False)
  )
  (global_pool): AdaptiveAvgPool2d(output_size=1)
  (dense_layers): ModuleList(
    (0): Linear(in_features=256, out_features=512, bias=True)
    (1): Linear(in_features=512, out_features=256, bias=True)
    (2): Linear(in_features=256, out_features=128, bias=True)
  )
  (dense_bn_layers): ModuleList(
    (0): BatchNorm1d(512, eps=1e-05, momentum=0.1, affine=True, track_running_stats=True)
    (1): BatchNorm1d(256, eps=1e-05, momentum=0.1, affine=True, track_running_stats=True)
    (2): BatchNorm1d(128, eps=1e-05, momentum=0.1, affine=True, track_running_stats=True)
  )
  (dense_dropout_layers): ModuleList(
    (0-2): 3 x Dropout(p=0.2, inplace=False)
  )
  (output_layer): Linear(in_features=128, out_features=10, bias=True)
)",33
"{'conv': [(32, 3), (64, 3), (128, 3), (256, 3)], 'dense': [512, 256, 128], 'residual': True, 'separable': True}",0.0003,0.2,0.001,256,relu,70.59,"EnhancedCNNModel(
  (features): ModuleList(
    (0): SeparableConv2d(
      (depthwise): Conv2d(3, 3, kernel_size=(3, 3), stride=(1, 1), padding=(1, 1), groups=3, bias=False)
      (pointwise): Conv2d(3, 32, kernel_size=(1, 1), stride=(1, 1), bias=False)
    )
    (1): BatchNorm2d(32, eps=1e-05, momentum=0.1, affine=True, track_running_stats=True)
    (2): ReLU(inplace=True)
    (3): MaxPool2d(kernel_size=2, stride=2, padding=0, dilation=1, ceil_mode=False)
    (4): Dropout2d(p=0.2, inplace=False)
    (5): SeparableConv2d(
      (depthwise): Conv2d(32, 32, kernel_size=(3, 3), stride=(1, 1), padding=(1, 1), groups=32, bias=False)
      (pointwise): Conv2d(32, 64, kernel_size=(1, 1), stride=(1, 1), bias=False)
    )
    (6): BatchNorm2d(64, eps=1e-05, momentum=0.1, affine=True, track_running_stats=True)
    (7): ReLU(inplace=True)
    (8): Conv2d(64, 64, kernel_size=(1, 1), stride=(1, 1), bias=False)
    (9): BatchNorm2d(64, eps=1e-05, momentum=0.1, affine=True, track_running_stats=True)
    (10): ReLU(inplace=True)
    (11): MaxPool2d(kernel_size=2, stride=2, padding=0, dilation=1, ceil_mode=False)
    (12): Dropout2d(p=0.2, inplace=False)
    (13): SeparableConv2d(
      (depthwise): Conv2d(64, 64, kernel_size=(3, 3), stride=(1, 1), padding=(1, 1), groups=64, bias=False)
      (pointwise): Conv2d(64, 128, kernel_size=(1, 1), stride=(1, 1), bias=False)
    )
    (14): BatchNorm2d(128, eps=1e-05, momentum=0.1, affine=True, track_running_stats=True)
    (15): ReLU(inplace=True)
    (16): Conv2d(128, 128, kernel_size=(1, 1), stride=(1, 1), bias=False)
    (17): BatchNorm2d(128, eps=1e-05, momentum=0.1, affine=True, track_running_stats=True)
    (18): ReLU(inplace=True)
    (19): MaxPool2d(kernel_size=2, stride=2, padding=0, dilation=1, ceil_mode=False)
    (20): Dropout2d(p=0.2, inplace=False)
    (21): SeparableConv2d(
      (depthwise): Conv2d(128, 128, kernel_size=(3, 3), stride=(1, 1), padding=(1, 1), groups=128, bias=False)
      (pointwise): Conv2d(128, 256, kernel_size=(1, 1), stride=(1, 1), bias=False)
    )
    (22): BatchNorm2d(256, eps=1e-05, momentum=0.1, affine=True, track_running_stats=True)
    (23): ReLU(inplace=True)
    (24): Conv2d(256, 256, kernel_size=(1, 1), stride=(1, 1), bias=False)
    (25): BatchNorm2d(256, eps=1e-05, momentum=0.1, affine=True, track_running_stats=True)
    (26): ReLU(inplace=True)
    (27): MaxPool2d(kernel_size=2, stride=2, padding=0, dilation=1, ceil_mode=False)
    (28): Dropout2d(p=0.2, inplace=False)
  )
  (global_pool): AdaptiveAvgPool2d(output_size=1)
  (dense_layers): ModuleList(
    (0): Linear(in_features=256, out_features=512, bias=True)
    (1): Linear(in_features=512, out_features=256, bias=True)
    (2): Linear(in_features=256, out_features=128, bias=True)
  )
  (dense_bn_layers): ModuleList(
    (0): BatchNorm1d(512, eps=1e-05, momentum=0.1, affine=True, track_running_stats=True)
    (1): BatchNorm1d(256, eps=1e-05, momentum=0.1, affine=True, track_running_stats=True)
    (2): BatchNorm1d(128, eps=1e-05, momentum=0.1, affine=True, track_running_stats=True)
  )
  (dense_dropout_layers): ModuleList(
    (0-2): 3 x Dropout(p=0.2, inplace=False)
  )
  (output_layer): Linear(in_features=128, out_features=10, bias=True)
)",34
"{'conv': [(32, 3), (64, 3), (128, 3), (256, 3)], 'dense': [512, 256, 128], 'residual': True, 'separable': True}",0.0003,0.2,0.01,128,relu,72.65,"EnhancedCNNModel(
  (features): ModuleList(
    (0): SeparableConv2d(
      (depthwise): Conv2d(3, 3, kernel_size=(3, 3), stride=(1, 1), padding=(1, 1), groups=3, bias=False)
      (pointwise): Conv2d(3, 32, kernel_size=(1, 1), stride=(1, 1), bias=False)
    )
    (1): BatchNorm2d(32, eps=1e-05, momentum=0.1, affine=True, track_running_stats=True)
    (2): ReLU(inplace=True)
    (3): MaxPool2d(kernel_size=2, stride=2, padding=0, dilation=1, ceil_mode=False)
    (4): Dropout2d(p=0.2, inplace=False)
    (5): SeparableConv2d(
      (depthwise): Conv2d(32, 32, kernel_size=(3, 3), stride=(1, 1), padding=(1, 1), groups=32, bias=False)
      (pointwise): Conv2d(32, 64, kernel_size=(1, 1), stride=(1, 1), bias=False)
    )
    (6): BatchNorm2d(64, eps=1e-05, momentum=0.1, affine=True, track_running_stats=True)
    (7): ReLU(inplace=True)
    (8): Conv2d(64, 64, kernel_size=(1, 1), stride=(1, 1), bias=False)
    (9): BatchNorm2d(64, eps=1e-05, momentum=0.1, affine=True, track_running_stats=True)
    (10): ReLU(inplace=True)
    (11): MaxPool2d(kernel_size=2, stride=2, padding=0, dilation=1, ceil_mode=False)
    (12): Dropout2d(p=0.2, inplace=False)
    (13): SeparableConv2d(
      (depthwise): Conv2d(64, 64, kernel_size=(3, 3), stride=(1, 1), padding=(1, 1), groups=64, bias=False)
      (pointwise): Conv2d(64, 128, kernel_size=(1, 1), stride=(1, 1), bias=False)
    )
    (14): BatchNorm2d(128, eps=1e-05, momentum=0.1, affine=True, track_running_stats=True)
    (15): ReLU(inplace=True)
    (16): Conv2d(128, 128, kernel_size=(1, 1), stride=(1, 1), bias=False)
    (17): BatchNorm2d(128, eps=1e-05, momentum=0.1, affine=True, track_running_stats=True)
    (18): ReLU(inplace=True)
    (19): MaxPool2d(kernel_size=2, stride=2, padding=0, dilation=1, ceil_mode=False)
    (20): Dropout2d(p=0.2, inplace=False)
    (21): SeparableConv2d(
      (depthwise): Conv2d(128, 128, kernel_size=(3, 3), stride=(1, 1), padding=(1, 1), groups=128, bias=False)
      (pointwise): Conv2d(128, 256, kernel_size=(1, 1), stride=(1, 1), bias=False)
    )
    (22): BatchNorm2d(256, eps=1e-05, momentum=0.1, affine=True, track_running_stats=True)
    (23): ReLU(inplace=True)
    (24): Conv2d(256, 256, kernel_size=(1, 1), stride=(1, 1), bias=False)
    (25): BatchNorm2d(256, eps=1e-05, momentum=0.1, affine=True, track_running_stats=True)
    (26): ReLU(inplace=True)
    (27): MaxPool2d(kernel_size=2, stride=2, padding=0, dilation=1, ceil_mode=False)
    (28): Dropout2d(p=0.2, inplace=False)
  )
  (global_pool): AdaptiveAvgPool2d(output_size=1)
  (dense_layers): ModuleList(
    (0): Linear(in_features=256, out_features=512, bias=True)
    (1): Linear(in_features=512, out_features=256, bias=True)
    (2): Linear(in_features=256, out_features=128, bias=True)
  )
  (dense_bn_layers): ModuleList(
    (0): BatchNorm1d(512, eps=1e-05, momentum=0.1, affine=True, track_running_stats=True)
    (1): BatchNorm1d(256, eps=1e-05, momentum=0.1, affine=True, track_running_stats=True)
    (2): BatchNorm1d(128, eps=1e-05, momentum=0.1, affine=True, track_running_stats=True)
  )
  (dense_dropout_layers): ModuleList(
    (0-2): 3 x Dropout(p=0.2, inplace=False)
  )
  (output_layer): Linear(in_features=128, out_features=10, bias=True)
)",35
"{'conv': [(32, 3), (64, 3), (128, 3), (256, 3)], 'dense': [512, 256, 128], 'residual': True, 'separable': True}",0.0003,0.2,0.01,256,relu,69.98,"EnhancedCNNModel(
  (features): ModuleList(
    (0): SeparableConv2d(
      (depthwise): Conv2d(3, 3, kernel_size=(3, 3), stride=(1, 1), padding=(1, 1), groups=3, bias=False)
      (pointwise): Conv2d(3, 32, kernel_size=(1, 1), stride=(1, 1), bias=False)
    )
    (1): BatchNorm2d(32, eps=1e-05, momentum=0.1, affine=True, track_running_stats=True)
    (2): ReLU(inplace=True)
    (3): MaxPool2d(kernel_size=2, stride=2, padding=0, dilation=1, ceil_mode=False)
    (4): Dropout2d(p=0.2, inplace=False)
    (5): SeparableConv2d(
      (depthwise): Conv2d(32, 32, kernel_size=(3, 3), stride=(1, 1), padding=(1, 1), groups=32, bias=False)
      (pointwise): Conv2d(32, 64, kernel_size=(1, 1), stride=(1, 1), bias=False)
    )
    (6): BatchNorm2d(64, eps=1e-05, momentum=0.1, affine=True, track_running_stats=True)
    (7): ReLU(inplace=True)
    (8): Conv2d(64, 64, kernel_size=(1, 1), stride=(1, 1), bias=False)
    (9): BatchNorm2d(64, eps=1e-05, momentum=0.1, affine=True, track_running_stats=True)
    (10): ReLU(inplace=True)
    (11): MaxPool2d(kernel_size=2, stride=2, padding=0, dilation=1, ceil_mode=False)
    (12): Dropout2d(p=0.2, inplace=False)
    (13): SeparableConv2d(
      (depthwise): Conv2d(64, 64, kernel_size=(3, 3), stride=(1, 1), padding=(1, 1), groups=64, bias=False)
      (pointwise): Conv2d(64, 128, kernel_size=(1, 1), stride=(1, 1), bias=False)
    )
    (14): BatchNorm2d(128, eps=1e-05, momentum=0.1, affine=True, track_running_stats=True)
    (15): ReLU(inplace=True)
    (16): Conv2d(128, 128, kernel_size=(1, 1), stride=(1, 1), bias=False)
    (17): BatchNorm2d(128, eps=1e-05, momentum=0.1, affine=True, track_running_stats=True)
    (18): ReLU(inplace=True)
    (19): MaxPool2d(kernel_size=2, stride=2, padding=0, dilation=1, ceil_mode=False)
    (20): Dropout2d(p=0.2, inplace=False)
    (21): SeparableConv2d(
      (depthwise): Conv2d(128, 128, kernel_size=(3, 3), stride=(1, 1), padding=(1, 1), groups=128, bias=False)
      (pointwise): Conv2d(128, 256, kernel_size=(1, 1), stride=(1, 1), bias=False)
    )
    (22): BatchNorm2d(256, eps=1e-05, momentum=0.1, affine=True, track_running_stats=True)
    (23): ReLU(inplace=True)
    (24): Conv2d(256, 256, kernel_size=(1, 1), stride=(1, 1), bias=False)
    (25): BatchNorm2d(256, eps=1e-05, momentum=0.1, affine=True, track_running_stats=True)
    (26): ReLU(inplace=True)
    (27): MaxPool2d(kernel_size=2, stride=2, padding=0, dilation=1, ceil_mode=False)
    (28): Dropout2d(p=0.2, inplace=False)
  )
  (global_pool): AdaptiveAvgPool2d(output_size=1)
  (dense_layers): ModuleList(
    (0): Linear(in_features=256, out_features=512, bias=True)
    (1): Linear(in_features=512, out_features=256, bias=True)
    (2): Linear(in_features=256, out_features=128, bias=True)
  )
  (dense_bn_layers): ModuleList(
    (0): BatchNorm1d(512, eps=1e-05, momentum=0.1, affine=True, track_running_stats=True)
    (1): BatchNorm1d(256, eps=1e-05, momentum=0.1, affine=True, track_running_stats=True)
    (2): BatchNorm1d(128, eps=1e-05, momentum=0.1, affine=True, track_running_stats=True)
  )
  (dense_dropout_layers): ModuleList(
    (0-2): 3 x Dropout(p=0.2, inplace=False)
  )
  (output_layer): Linear(in_features=128, out_features=10, bias=True)
)",36
"{'conv': [(32, 3), (64, 3), (128, 3), (256, 3)], 'dense': [512, 256, 128], 'residual': True, 'separable': True}",0.0003,0.3,0.001,128,relu,64.52,"EnhancedCNNModel(
  (features): ModuleList(
    (0): SeparableConv2d(
      (depthwise): Conv2d(3, 3, kernel_size=(3, 3), stride=(1, 1), padding=(1, 1), groups=3, bias=False)
      (pointwise): Conv2d(3, 32, kernel_size=(1, 1), stride=(1, 1), bias=False)
    )
    (1): BatchNorm2d(32, eps=1e-05, momentum=0.1, affine=True, track_running_stats=True)
    (2): ReLU(inplace=True)
    (3): MaxPool2d(kernel_size=2, stride=2, padding=0, dilation=1, ceil_mode=False)
    (4): Dropout2d(p=0.3, inplace=False)
    (5): SeparableConv2d(
      (depthwise): Conv2d(32, 32, kernel_size=(3, 3), stride=(1, 1), padding=(1, 1), groups=32, bias=False)
      (pointwise): Conv2d(32, 64, kernel_size=(1, 1), stride=(1, 1), bias=False)
    )
    (6): BatchNorm2d(64, eps=1e-05, momentum=0.1, affine=True, track_running_stats=True)
    (7): ReLU(inplace=True)
    (8): Conv2d(64, 64, kernel_size=(1, 1), stride=(1, 1), bias=False)
    (9): BatchNorm2d(64, eps=1e-05, momentum=0.1, affine=True, track_running_stats=True)
    (10): ReLU(inplace=True)
    (11): MaxPool2d(kernel_size=2, stride=2, padding=0, dilation=1, ceil_mode=False)
    (12): Dropout2d(p=0.3, inplace=False)
    (13): SeparableConv2d(
      (depthwise): Conv2d(64, 64, kernel_size=(3, 3), stride=(1, 1), padding=(1, 1), groups=64, bias=False)
      (pointwise): Conv2d(64, 128, kernel_size=(1, 1), stride=(1, 1), bias=False)
    )
    (14): BatchNorm2d(128, eps=1e-05, momentum=0.1, affine=True, track_running_stats=True)
    (15): ReLU(inplace=True)
    (16): Conv2d(128, 128, kernel_size=(1, 1), stride=(1, 1), bias=False)
    (17): BatchNorm2d(128, eps=1e-05, momentum=0.1, affine=True, track_running_stats=True)
    (18): ReLU(inplace=True)
    (19): MaxPool2d(kernel_size=2, stride=2, padding=0, dilation=1, ceil_mode=False)
    (20): Dropout2d(p=0.3, inplace=False)
    (21): SeparableConv2d(
      (depthwise): Conv2d(128, 128, kernel_size=(3, 3), stride=(1, 1), padding=(1, 1), groups=128, bias=False)
      (pointwise): Conv2d(128, 256, kernel_size=(1, 1), stride=(1, 1), bias=False)
    )
    (22): BatchNorm2d(256, eps=1e-05, momentum=0.1, affine=True, track_running_stats=True)
    (23): ReLU(inplace=True)
    (24): Conv2d(256, 256, kernel_size=(1, 1), stride=(1, 1), bias=False)
    (25): BatchNorm2d(256, eps=1e-05, momentum=0.1, affine=True, track_running_stats=True)
    (26): ReLU(inplace=True)
    (27): MaxPool2d(kernel_size=2, stride=2, padding=0, dilation=1, ceil_mode=False)
    (28): Dropout2d(p=0.3, inplace=False)
  )
  (global_pool): AdaptiveAvgPool2d(output_size=1)
  (dense_layers): ModuleList(
    (0): Linear(in_features=256, out_features=512, bias=True)
    (1): Linear(in_features=512, out_features=256, bias=True)
    (2): Linear(in_features=256, out_features=128, bias=True)
  )
  (dense_bn_layers): ModuleList(
    (0): BatchNorm1d(512, eps=1e-05, momentum=0.1, affine=True, track_running_stats=True)
    (1): BatchNorm1d(256, eps=1e-05, momentum=0.1, affine=True, track_running_stats=True)
    (2): BatchNorm1d(128, eps=1e-05, momentum=0.1, affine=True, track_running_stats=True)
  )
  (dense_dropout_layers): ModuleList(
    (0-2): 3 x Dropout(p=0.3, inplace=False)
  )
  (output_layer): Linear(in_features=128, out_features=10, bias=True)
)",37
"{'conv': [(32, 3), (64, 3), (128, 3), (256, 3)], 'dense': [512, 256, 128], 'residual': True, 'separable': True}",0.0003,0.3,0.001,256,relu,64.66,"EnhancedCNNModel(
  (features): ModuleList(
    (0): SeparableConv2d(
      (depthwise): Conv2d(3, 3, kernel_size=(3, 3), stride=(1, 1), padding=(1, 1), groups=3, bias=False)
      (pointwise): Conv2d(3, 32, kernel_size=(1, 1), stride=(1, 1), bias=False)
    )
    (1): BatchNorm2d(32, eps=1e-05, momentum=0.1, affine=True, track_running_stats=True)
    (2): ReLU(inplace=True)
    (3): MaxPool2d(kernel_size=2, stride=2, padding=0, dilation=1, ceil_mode=False)
    (4): Dropout2d(p=0.3, inplace=False)
    (5): SeparableConv2d(
      (depthwise): Conv2d(32, 32, kernel_size=(3, 3), stride=(1, 1), padding=(1, 1), groups=32, bias=False)
      (pointwise): Conv2d(32, 64, kernel_size=(1, 1), stride=(1, 1), bias=False)
    )
    (6): BatchNorm2d(64, eps=1e-05, momentum=0.1, affine=True, track_running_stats=True)
    (7): ReLU(inplace=True)
    (8): Conv2d(64, 64, kernel_size=(1, 1), stride=(1, 1), bias=False)
    (9): BatchNorm2d(64, eps=1e-05, momentum=0.1, affine=True, track_running_stats=True)
    (10): ReLU(inplace=True)
    (11): MaxPool2d(kernel_size=2, stride=2, padding=0, dilation=1, ceil_mode=False)
    (12): Dropout2d(p=0.3, inplace=False)
    (13): SeparableConv2d(
      (depthwise): Conv2d(64, 64, kernel_size=(3, 3), stride=(1, 1), padding=(1, 1), groups=64, bias=False)
      (pointwise): Conv2d(64, 128, kernel_size=(1, 1), stride=(1, 1), bias=False)
    )
    (14): BatchNorm2d(128, eps=1e-05, momentum=0.1, affine=True, track_running_stats=True)
    (15): ReLU(inplace=True)
    (16): Conv2d(128, 128, kernel_size=(1, 1), stride=(1, 1), bias=False)
    (17): BatchNorm2d(128, eps=1e-05, momentum=0.1, affine=True, track_running_stats=True)
    (18): ReLU(inplace=True)
    (19): MaxPool2d(kernel_size=2, stride=2, padding=0, dilation=1, ceil_mode=False)
    (20): Dropout2d(p=0.3, inplace=False)
    (21): SeparableConv2d(
      (depthwise): Conv2d(128, 128, kernel_size=(3, 3), stride=(1, 1), padding=(1, 1), groups=128, bias=False)
      (pointwise): Conv2d(128, 256, kernel_size=(1, 1), stride=(1, 1), bias=False)
    )
    (22): BatchNorm2d(256, eps=1e-05, momentum=0.1, affine=True, track_running_stats=True)
    (23): ReLU(inplace=True)
    (24): Conv2d(256, 256, kernel_size=(1, 1), stride=(1, 1), bias=False)
    (25): BatchNorm2d(256, eps=1e-05, momentum=0.1, affine=True, track_running_stats=True)
    (26): ReLU(inplace=True)
    (27): MaxPool2d(kernel_size=2, stride=2, padding=0, dilation=1, ceil_mode=False)
    (28): Dropout2d(p=0.3, inplace=False)
  )
  (global_pool): AdaptiveAvgPool2d(output_size=1)
  (dense_layers): ModuleList(
    (0): Linear(in_features=256, out_features=512, bias=True)
    (1): Linear(in_features=512, out_features=256, bias=True)
    (2): Linear(in_features=256, out_features=128, bias=True)
  )
  (dense_bn_layers): ModuleList(
    (0): BatchNorm1d(512, eps=1e-05, momentum=0.1, affine=True, track_running_stats=True)
    (1): BatchNorm1d(256, eps=1e-05, momentum=0.1, affine=True, track_running_stats=True)
    (2): BatchNorm1d(128, eps=1e-05, momentum=0.1, affine=True, track_running_stats=True)
  )
  (dense_dropout_layers): ModuleList(
    (0-2): 3 x Dropout(p=0.3, inplace=False)
  )
  (output_layer): Linear(in_features=128, out_features=10, bias=True)
)",38
"{'conv': [(32, 3), (64, 3), (128, 3), (256, 3)], 'dense': [512, 256, 128], 'residual': True, 'separable': True}",0.0003,0.3,0.01,128,relu,65.7,"EnhancedCNNModel(
  (features): ModuleList(
    (0): SeparableConv2d(
      (depthwise): Conv2d(3, 3, kernel_size=(3, 3), stride=(1, 1), padding=(1, 1), groups=3, bias=False)
      (pointwise): Conv2d(3, 32, kernel_size=(1, 1), stride=(1, 1), bias=False)
    )
    (1): BatchNorm2d(32, eps=1e-05, momentum=0.1, affine=True, track_running_stats=True)
    (2): ReLU(inplace=True)
    (3): MaxPool2d(kernel_size=2, stride=2, padding=0, dilation=1, ceil_mode=False)
    (4): Dropout2d(p=0.3, inplace=False)
    (5): SeparableConv2d(
      (depthwise): Conv2d(32, 32, kernel_size=(3, 3), stride=(1, 1), padding=(1, 1), groups=32, bias=False)
      (pointwise): Conv2d(32, 64, kernel_size=(1, 1), stride=(1, 1), bias=False)
    )
    (6): BatchNorm2d(64, eps=1e-05, momentum=0.1, affine=True, track_running_stats=True)
    (7): ReLU(inplace=True)
    (8): Conv2d(64, 64, kernel_size=(1, 1), stride=(1, 1), bias=False)
    (9): BatchNorm2d(64, eps=1e-05, momentum=0.1, affine=True, track_running_stats=True)
    (10): ReLU(inplace=True)
    (11): MaxPool2d(kernel_size=2, stride=2, padding=0, dilation=1, ceil_mode=False)
    (12): Dropout2d(p=0.3, inplace=False)
    (13): SeparableConv2d(
      (depthwise): Conv2d(64, 64, kernel_size=(3, 3), stride=(1, 1), padding=(1, 1), groups=64, bias=False)
      (pointwise): Conv2d(64, 128, kernel_size=(1, 1), stride=(1, 1), bias=False)
    )
    (14): BatchNorm2d(128, eps=1e-05, momentum=0.1, affine=True, track_running_stats=True)
    (15): ReLU(inplace=True)
    (16): Conv2d(128, 128, kernel_size=(1, 1), stride=(1, 1), bias=False)
    (17): BatchNorm2d(128, eps=1e-05, momentum=0.1, affine=True, track_running_stats=True)
    (18): ReLU(inplace=True)
    (19): MaxPool2d(kernel_size=2, stride=2, padding=0, dilation=1, ceil_mode=False)
    (20): Dropout2d(p=0.3, inplace=False)
    (21): SeparableConv2d(
      (depthwise): Conv2d(128, 128, kernel_size=(3, 3), stride=(1, 1), padding=(1, 1), groups=128, bias=False)
      (pointwise): Conv2d(128, 256, kernel_size=(1, 1), stride=(1, 1), bias=False)
    )
    (22): BatchNorm2d(256, eps=1e-05, momentum=0.1, affine=True, track_running_stats=True)
    (23): ReLU(inplace=True)
    (24): Conv2d(256, 256, kernel_size=(1, 1), stride=(1, 1), bias=False)
    (25): BatchNorm2d(256, eps=1e-05, momentum=0.1, affine=True, track_running_stats=True)
    (26): ReLU(inplace=True)
    (27): MaxPool2d(kernel_size=2, stride=2, padding=0, dilation=1, ceil_mode=False)
    (28): Dropout2d(p=0.3, inplace=False)
  )
  (global_pool): AdaptiveAvgPool2d(output_size=1)
  (dense_layers): ModuleList(
    (0): Linear(in_features=256, out_features=512, bias=True)
    (1): Linear(in_features=512, out_features=256, bias=True)
    (2): Linear(in_features=256, out_features=128, bias=True)
  )
  (dense_bn_layers): ModuleList(
    (0): BatchNorm1d(512, eps=1e-05, momentum=0.1, affine=True, track_running_stats=True)
    (1): BatchNorm1d(256, eps=1e-05, momentum=0.1, affine=True, track_running_stats=True)
    (2): BatchNorm1d(128, eps=1e-05, momentum=0.1, affine=True, track_running_stats=True)
  )
  (dense_dropout_layers): ModuleList(
    (0-2): 3 x Dropout(p=0.3, inplace=False)
  )
  (output_layer): Linear(in_features=128, out_features=10, bias=True)
)",39
"{'conv': [(32, 3), (64, 3), (128, 3), (256, 3)], 'dense': [512, 256, 128], 'residual': True, 'separable': True}",0.0003,0.3,0.01,256,relu,65.03,"EnhancedCNNModel(
  (features): ModuleList(
    (0): SeparableConv2d(
      (depthwise): Conv2d(3, 3, kernel_size=(3, 3), stride=(1, 1), padding=(1, 1), groups=3, bias=False)
      (pointwise): Conv2d(3, 32, kernel_size=(1, 1), stride=(1, 1), bias=False)
    )
    (1): BatchNorm2d(32, eps=1e-05, momentum=0.1, affine=True, track_running_stats=True)
    (2): ReLU(inplace=True)
    (3): MaxPool2d(kernel_size=2, stride=2, padding=0, dilation=1, ceil_mode=False)
    (4): Dropout2d(p=0.3, inplace=False)
    (5): SeparableConv2d(
      (depthwise): Conv2d(32, 32, kernel_size=(3, 3), stride=(1, 1), padding=(1, 1), groups=32, bias=False)
      (pointwise): Conv2d(32, 64, kernel_size=(1, 1), stride=(1, 1), bias=False)
    )
    (6): BatchNorm2d(64, eps=1e-05, momentum=0.1, affine=True, track_running_stats=True)
    (7): ReLU(inplace=True)
    (8): Conv2d(64, 64, kernel_size=(1, 1), stride=(1, 1), bias=False)
    (9): BatchNorm2d(64, eps=1e-05, momentum=0.1, affine=True, track_running_stats=True)
    (10): ReLU(inplace=True)
    (11): MaxPool2d(kernel_size=2, stride=2, padding=0, dilation=1, ceil_mode=False)
    (12): Dropout2d(p=0.3, inplace=False)
    (13): SeparableConv2d(
      (depthwise): Conv2d(64, 64, kernel_size=(3, 3), stride=(1, 1), padding=(1, 1), groups=64, bias=False)
      (pointwise): Conv2d(64, 128, kernel_size=(1, 1), stride=(1, 1), bias=False)
    )
    (14): BatchNorm2d(128, eps=1e-05, momentum=0.1, affine=True, track_running_stats=True)
    (15): ReLU(inplace=True)
    (16): Conv2d(128, 128, kernel_size=(1, 1), stride=(1, 1), bias=False)
    (17): BatchNorm2d(128, eps=1e-05, momentum=0.1, affine=True, track_running_stats=True)
    (18): ReLU(inplace=True)
    (19): MaxPool2d(kernel_size=2, stride=2, padding=0, dilation=1, ceil_mode=False)
    (20): Dropout2d(p=0.3, inplace=False)
    (21): SeparableConv2d(
      (depthwise): Conv2d(128, 128, kernel_size=(3, 3), stride=(1, 1), padding=(1, 1), groups=128, bias=False)
      (pointwise): Conv2d(128, 256, kernel_size=(1, 1), stride=(1, 1), bias=False)
    )
    (22): BatchNorm2d(256, eps=1e-05, momentum=0.1, affine=True, track_running_stats=True)
    (23): ReLU(inplace=True)
    (24): Conv2d(256, 256, kernel_size=(1, 1), stride=(1, 1), bias=False)
    (25): BatchNorm2d(256, eps=1e-05, momentum=0.1, affine=True, track_running_stats=True)
    (26): ReLU(inplace=True)
    (27): MaxPool2d(kernel_size=2, stride=2, padding=0, dilation=1, ceil_mode=False)
    (28): Dropout2d(p=0.3, inplace=False)
  )
  (global_pool): AdaptiveAvgPool2d(output_size=1)
  (dense_layers): ModuleList(
    (0): Linear(in_features=256, out_features=512, bias=True)
    (1): Linear(in_features=512, out_features=256, bias=True)
    (2): Linear(in_features=256, out_features=128, bias=True)
  )
  (dense_bn_layers): ModuleList(
    (0): BatchNorm1d(512, eps=1e-05, momentum=0.1, affine=True, track_running_stats=True)
    (1): BatchNorm1d(256, eps=1e-05, momentum=0.1, affine=True, track_running_stats=True)
    (2): BatchNorm1d(128, eps=1e-05, momentum=0.1, affine=True, track_running_stats=True)
  )
  (dense_dropout_layers): ModuleList(
    (0-2): 3 x Dropout(p=0.3, inplace=False)
  )
  (output_layer): Linear(in_features=128, out_features=10, bias=True)
)",40
"{'conv': [(32, 3), (64, 3), (128, 3), (256, 3)], 'dense': [512, 256, 128], 'residual': True, 'separable': True}",0.0005,0.2,0.001,128,relu,72.33,"EnhancedCNNModel(
  (features): ModuleList(
    (0): SeparableConv2d(
      (depthwise): Conv2d(3, 3, kernel_size=(3, 3), stride=(1, 1), padding=(1, 1), groups=3, bias=False)
      (pointwise): Conv2d(3, 32, kernel_size=(1, 1), stride=(1, 1), bias=False)
    )
    (1): BatchNorm2d(32, eps=1e-05, momentum=0.1, affine=True, track_running_stats=True)
    (2): ReLU(inplace=True)
    (3): MaxPool2d(kernel_size=2, stride=2, padding=0, dilation=1, ceil_mode=False)
    (4): Dropout2d(p=0.2, inplace=False)
    (5): SeparableConv2d(
      (depthwise): Conv2d(32, 32, kernel_size=(3, 3), stride=(1, 1), padding=(1, 1), groups=32, bias=False)
      (pointwise): Conv2d(32, 64, kernel_size=(1, 1), stride=(1, 1), bias=False)
    )
    (6): BatchNorm2d(64, eps=1e-05, momentum=0.1, affine=True, track_running_stats=True)
    (7): ReLU(inplace=True)
    (8): Conv2d(64, 64, kernel_size=(1, 1), stride=(1, 1), bias=False)
    (9): BatchNorm2d(64, eps=1e-05, momentum=0.1, affine=True, track_running_stats=True)
    (10): ReLU(inplace=True)
    (11): MaxPool2d(kernel_size=2, stride=2, padding=0, dilation=1, ceil_mode=False)
    (12): Dropout2d(p=0.2, inplace=False)
    (13): SeparableConv2d(
      (depthwise): Conv2d(64, 64, kernel_size=(3, 3), stride=(1, 1), padding=(1, 1), groups=64, bias=False)
      (pointwise): Conv2d(64, 128, kernel_size=(1, 1), stride=(1, 1), bias=False)
    )
    (14): BatchNorm2d(128, eps=1e-05, momentum=0.1, affine=True, track_running_stats=True)
    (15): ReLU(inplace=True)
    (16): Conv2d(128, 128, kernel_size=(1, 1), stride=(1, 1), bias=False)
    (17): BatchNorm2d(128, eps=1e-05, momentum=0.1, affine=True, track_running_stats=True)
    (18): ReLU(inplace=True)
    (19): MaxPool2d(kernel_size=2, stride=2, padding=0, dilation=1, ceil_mode=False)
    (20): Dropout2d(p=0.2, inplace=False)
    (21): SeparableConv2d(
      (depthwise): Conv2d(128, 128, kernel_size=(3, 3), stride=(1, 1), padding=(1, 1), groups=128, bias=False)
      (pointwise): Conv2d(128, 256, kernel_size=(1, 1), stride=(1, 1), bias=False)
    )
    (22): BatchNorm2d(256, eps=1e-05, momentum=0.1, affine=True, track_running_stats=True)
    (23): ReLU(inplace=True)
    (24): Conv2d(256, 256, kernel_size=(1, 1), stride=(1, 1), bias=False)
    (25): BatchNorm2d(256, eps=1e-05, momentum=0.1, affine=True, track_running_stats=True)
    (26): ReLU(inplace=True)
    (27): MaxPool2d(kernel_size=2, stride=2, padding=0, dilation=1, ceil_mode=False)
    (28): Dropout2d(p=0.2, inplace=False)
  )
  (global_pool): AdaptiveAvgPool2d(output_size=1)
  (dense_layers): ModuleList(
    (0): Linear(in_features=256, out_features=512, bias=True)
    (1): Linear(in_features=512, out_features=256, bias=True)
    (2): Linear(in_features=256, out_features=128, bias=True)
  )
  (dense_bn_layers): ModuleList(
    (0): BatchNorm1d(512, eps=1e-05, momentum=0.1, affine=True, track_running_stats=True)
    (1): BatchNorm1d(256, eps=1e-05, momentum=0.1, affine=True, track_running_stats=True)
    (2): BatchNorm1d(128, eps=1e-05, momentum=0.1, affine=True, track_running_stats=True)
  )
  (dense_dropout_layers): ModuleList(
    (0-2): 3 x Dropout(p=0.2, inplace=False)
  )
  (output_layer): Linear(in_features=128, out_features=10, bias=True)
)",41
"{'conv': [(32, 3), (64, 3), (128, 3), (256, 3)], 'dense': [512, 256, 128], 'residual': True, 'separable': True}",0.0005,0.2,0.001,256,relu,73.79,"EnhancedCNNModel(
  (features): ModuleList(
    (0): SeparableConv2d(
      (depthwise): Conv2d(3, 3, kernel_size=(3, 3), stride=(1, 1), padding=(1, 1), groups=3, bias=False)
      (pointwise): Conv2d(3, 32, kernel_size=(1, 1), stride=(1, 1), bias=False)
    )
    (1): BatchNorm2d(32, eps=1e-05, momentum=0.1, affine=True, track_running_stats=True)
    (2): ReLU(inplace=True)
    (3): MaxPool2d(kernel_size=2, stride=2, padding=0, dilation=1, ceil_mode=False)
    (4): Dropout2d(p=0.2, inplace=False)
    (5): SeparableConv2d(
      (depthwise): Conv2d(32, 32, kernel_size=(3, 3), stride=(1, 1), padding=(1, 1), groups=32, bias=False)
      (pointwise): Conv2d(32, 64, kernel_size=(1, 1), stride=(1, 1), bias=False)
    )
    (6): BatchNorm2d(64, eps=1e-05, momentum=0.1, affine=True, track_running_stats=True)
    (7): ReLU(inplace=True)
    (8): Conv2d(64, 64, kernel_size=(1, 1), stride=(1, 1), bias=False)
    (9): BatchNorm2d(64, eps=1e-05, momentum=0.1, affine=True, track_running_stats=True)
    (10): ReLU(inplace=True)
    (11): MaxPool2d(kernel_size=2, stride=2, padding=0, dilation=1, ceil_mode=False)
    (12): Dropout2d(p=0.2, inplace=False)
    (13): SeparableConv2d(
      (depthwise): Conv2d(64, 64, kernel_size=(3, 3), stride=(1, 1), padding=(1, 1), groups=64, bias=False)
      (pointwise): Conv2d(64, 128, kernel_size=(1, 1), stride=(1, 1), bias=False)
    )
    (14): BatchNorm2d(128, eps=1e-05, momentum=0.1, affine=True, track_running_stats=True)
    (15): ReLU(inplace=True)
    (16): Conv2d(128, 128, kernel_size=(1, 1), stride=(1, 1), bias=False)
    (17): BatchNorm2d(128, eps=1e-05, momentum=0.1, affine=True, track_running_stats=True)
    (18): ReLU(inplace=True)
    (19): MaxPool2d(kernel_size=2, stride=2, padding=0, dilation=1, ceil_mode=False)
    (20): Dropout2d(p=0.2, inplace=False)
    (21): SeparableConv2d(
      (depthwise): Conv2d(128, 128, kernel_size=(3, 3), stride=(1, 1), padding=(1, 1), groups=128, bias=False)
      (pointwise): Conv2d(128, 256, kernel_size=(1, 1), stride=(1, 1), bias=False)
    )
    (22): BatchNorm2d(256, eps=1e-05, momentum=0.1, affine=True, track_running_stats=True)
    (23): ReLU(inplace=True)
    (24): Conv2d(256, 256, kernel_size=(1, 1), stride=(1, 1), bias=False)
    (25): BatchNorm2d(256, eps=1e-05, momentum=0.1, affine=True, track_running_stats=True)
    (26): ReLU(inplace=True)
    (27): MaxPool2d(kernel_size=2, stride=2, padding=0, dilation=1, ceil_mode=False)
    (28): Dropout2d(p=0.2, inplace=False)
  )
  (global_pool): AdaptiveAvgPool2d(output_size=1)
  (dense_layers): ModuleList(
    (0): Linear(in_features=256, out_features=512, bias=True)
    (1): Linear(in_features=512, out_features=256, bias=True)
    (2): Linear(in_features=256, out_features=128, bias=True)
  )
  (dense_bn_layers): ModuleList(
    (0): BatchNorm1d(512, eps=1e-05, momentum=0.1, affine=True, track_running_stats=True)
    (1): BatchNorm1d(256, eps=1e-05, momentum=0.1, affine=True, track_running_stats=True)
    (2): BatchNorm1d(128, eps=1e-05, momentum=0.1, affine=True, track_running_stats=True)
  )
  (dense_dropout_layers): ModuleList(
    (0-2): 3 x Dropout(p=0.2, inplace=False)
  )
  (output_layer): Linear(in_features=128, out_features=10, bias=True)
)",42
"{'conv': [(32, 3), (64, 3), (128, 3), (256, 3)], 'dense': [512, 256, 128], 'residual': True, 'separable': True}",0.0005,0.2,0.01,128,relu,72.58,"EnhancedCNNModel(
  (features): ModuleList(
    (0): SeparableConv2d(
      (depthwise): Conv2d(3, 3, kernel_size=(3, 3), stride=(1, 1), padding=(1, 1), groups=3, bias=False)
      (pointwise): Conv2d(3, 32, kernel_size=(1, 1), stride=(1, 1), bias=False)
    )
    (1): BatchNorm2d(32, eps=1e-05, momentum=0.1, affine=True, track_running_stats=True)
    (2): ReLU(inplace=True)
    (3): MaxPool2d(kernel_size=2, stride=2, padding=0, dilation=1, ceil_mode=False)
    (4): Dropout2d(p=0.2, inplace=False)
    (5): SeparableConv2d(
      (depthwise): Conv2d(32, 32, kernel_size=(3, 3), stride=(1, 1), padding=(1, 1), groups=32, bias=False)
      (pointwise): Conv2d(32, 64, kernel_size=(1, 1), stride=(1, 1), bias=False)
    )
    (6): BatchNorm2d(64, eps=1e-05, momentum=0.1, affine=True, track_running_stats=True)
    (7): ReLU(inplace=True)
    (8): Conv2d(64, 64, kernel_size=(1, 1), stride=(1, 1), bias=False)
    (9): BatchNorm2d(64, eps=1e-05, momentum=0.1, affine=True, track_running_stats=True)
    (10): ReLU(inplace=True)
    (11): MaxPool2d(kernel_size=2, stride=2, padding=0, dilation=1, ceil_mode=False)
    (12): Dropout2d(p=0.2, inplace=False)
    (13): SeparableConv2d(
      (depthwise): Conv2d(64, 64, kernel_size=(3, 3), stride=(1, 1), padding=(1, 1), groups=64, bias=False)
      (pointwise): Conv2d(64, 128, kernel_size=(1, 1), stride=(1, 1), bias=False)
    )
    (14): BatchNorm2d(128, eps=1e-05, momentum=0.1, affine=True, track_running_stats=True)
    (15): ReLU(inplace=True)
    (16): Conv2d(128, 128, kernel_size=(1, 1), stride=(1, 1), bias=False)
    (17): BatchNorm2d(128, eps=1e-05, momentum=0.1, affine=True, track_running_stats=True)
    (18): ReLU(inplace=True)
    (19): MaxPool2d(kernel_size=2, stride=2, padding=0, dilation=1, ceil_mode=False)
    (20): Dropout2d(p=0.2, inplace=False)
    (21): SeparableConv2d(
      (depthwise): Conv2d(128, 128, kernel_size=(3, 3), stride=(1, 1), padding=(1, 1), groups=128, bias=False)
      (pointwise): Conv2d(128, 256, kernel_size=(1, 1), stride=(1, 1), bias=False)
    )
    (22): BatchNorm2d(256, eps=1e-05, momentum=0.1, affine=True, track_running_stats=True)
    (23): ReLU(inplace=True)
    (24): Conv2d(256, 256, kernel_size=(1, 1), stride=(1, 1), bias=False)
    (25): BatchNorm2d(256, eps=1e-05, momentum=0.1, affine=True, track_running_stats=True)
    (26): ReLU(inplace=True)
    (27): MaxPool2d(kernel_size=2, stride=2, padding=0, dilation=1, ceil_mode=False)
    (28): Dropout2d(p=0.2, inplace=False)
  )
  (global_pool): AdaptiveAvgPool2d(output_size=1)
  (dense_layers): ModuleList(
    (0): Linear(in_features=256, out_features=512, bias=True)
    (1): Linear(in_features=512, out_features=256, bias=True)
    (2): Linear(in_features=256, out_features=128, bias=True)
  )
  (dense_bn_layers): ModuleList(
    (0): BatchNorm1d(512, eps=1e-05, momentum=0.1, affine=True, track_running_stats=True)
    (1): BatchNorm1d(256, eps=1e-05, momentum=0.1, affine=True, track_running_stats=True)
    (2): BatchNorm1d(128, eps=1e-05, momentum=0.1, affine=True, track_running_stats=True)
  )
  (dense_dropout_layers): ModuleList(
    (0-2): 3 x Dropout(p=0.2, inplace=False)
  )
  (output_layer): Linear(in_features=128, out_features=10, bias=True)
)",43
"{'conv': [(32, 3), (64, 3), (128, 3), (256, 3)], 'dense': [512, 256, 128], 'residual': True, 'separable': True}",0.0005,0.2,0.01,256,relu,72.66,"EnhancedCNNModel(
  (features): ModuleList(
    (0): SeparableConv2d(
      (depthwise): Conv2d(3, 3, kernel_size=(3, 3), stride=(1, 1), padding=(1, 1), groups=3, bias=False)
      (pointwise): Conv2d(3, 32, kernel_size=(1, 1), stride=(1, 1), bias=False)
    )
    (1): BatchNorm2d(32, eps=1e-05, momentum=0.1, affine=True, track_running_stats=True)
    (2): ReLU(inplace=True)
    (3): MaxPool2d(kernel_size=2, stride=2, padding=0, dilation=1, ceil_mode=False)
    (4): Dropout2d(p=0.2, inplace=False)
    (5): SeparableConv2d(
      (depthwise): Conv2d(32, 32, kernel_size=(3, 3), stride=(1, 1), padding=(1, 1), groups=32, bias=False)
      (pointwise): Conv2d(32, 64, kernel_size=(1, 1), stride=(1, 1), bias=False)
    )
    (6): BatchNorm2d(64, eps=1e-05, momentum=0.1, affine=True, track_running_stats=True)
    (7): ReLU(inplace=True)
    (8): Conv2d(64, 64, kernel_size=(1, 1), stride=(1, 1), bias=False)
    (9): BatchNorm2d(64, eps=1e-05, momentum=0.1, affine=True, track_running_stats=True)
    (10): ReLU(inplace=True)
    (11): MaxPool2d(kernel_size=2, stride=2, padding=0, dilation=1, ceil_mode=False)
    (12): Dropout2d(p=0.2, inplace=False)
    (13): SeparableConv2d(
      (depthwise): Conv2d(64, 64, kernel_size=(3, 3), stride=(1, 1), padding=(1, 1), groups=64, bias=False)
      (pointwise): Conv2d(64, 128, kernel_size=(1, 1), stride=(1, 1), bias=False)
    )
    (14): BatchNorm2d(128, eps=1e-05, momentum=0.1, affine=True, track_running_stats=True)
    (15): ReLU(inplace=True)
    (16): Conv2d(128, 128, kernel_size=(1, 1), stride=(1, 1), bias=False)
    (17): BatchNorm2d(128, eps=1e-05, momentum=0.1, affine=True, track_running_stats=True)
    (18): ReLU(inplace=True)
    (19): MaxPool2d(kernel_size=2, stride=2, padding=0, dilation=1, ceil_mode=False)
    (20): Dropout2d(p=0.2, inplace=False)
    (21): SeparableConv2d(
      (depthwise): Conv2d(128, 128, kernel_size=(3, 3), stride=(1, 1), padding=(1, 1), groups=128, bias=False)
      (pointwise): Conv2d(128, 256, kernel_size=(1, 1), stride=(1, 1), bias=False)
    )
    (22): BatchNorm2d(256, eps=1e-05, momentum=0.1, affine=True, track_running_stats=True)
    (23): ReLU(inplace=True)
    (24): Conv2d(256, 256, kernel_size=(1, 1), stride=(1, 1), bias=False)
    (25): BatchNorm2d(256, eps=1e-05, momentum=0.1, affine=True, track_running_stats=True)
    (26): ReLU(inplace=True)
    (27): MaxPool2d(kernel_size=2, stride=2, padding=0, dilation=1, ceil_mode=False)
    (28): Dropout2d(p=0.2, inplace=False)
  )
  (global_pool): AdaptiveAvgPool2d(output_size=1)
  (dense_layers): ModuleList(
    (0): Linear(in_features=256, out_features=512, bias=True)
    (1): Linear(in_features=512, out_features=256, bias=True)
    (2): Linear(in_features=256, out_features=128, bias=True)
  )
  (dense_bn_layers): ModuleList(
    (0): BatchNorm1d(512, eps=1e-05, momentum=0.1, affine=True, track_running_stats=True)
    (1): BatchNorm1d(256, eps=1e-05, momentum=0.1, affine=True, track_running_stats=True)
    (2): BatchNorm1d(128, eps=1e-05, momentum=0.1, affine=True, track_running_stats=True)
  )
  (dense_dropout_layers): ModuleList(
    (0-2): 3 x Dropout(p=0.2, inplace=False)
  )
  (output_layer): Linear(in_features=128, out_features=10, bias=True)
)",44
"{'conv': [(32, 3), (64, 3), (128, 3), (256, 3)], 'dense': [512, 256, 128], 'residual': True, 'separable': True}",0.0005,0.3,0.001,128,relu,68.17,"EnhancedCNNModel(
  (features): ModuleList(
    (0): SeparableConv2d(
      (depthwise): Conv2d(3, 3, kernel_size=(3, 3), stride=(1, 1), padding=(1, 1), groups=3, bias=False)
      (pointwise): Conv2d(3, 32, kernel_size=(1, 1), stride=(1, 1), bias=False)
    )
    (1): BatchNorm2d(32, eps=1e-05, momentum=0.1, affine=True, track_running_stats=True)
    (2): ReLU(inplace=True)
    (3): MaxPool2d(kernel_size=2, stride=2, padding=0, dilation=1, ceil_mode=False)
    (4): Dropout2d(p=0.3, inplace=False)
    (5): SeparableConv2d(
      (depthwise): Conv2d(32, 32, kernel_size=(3, 3), stride=(1, 1), padding=(1, 1), groups=32, bias=False)
      (pointwise): Conv2d(32, 64, kernel_size=(1, 1), stride=(1, 1), bias=False)
    )
    (6): BatchNorm2d(64, eps=1e-05, momentum=0.1, affine=True, track_running_stats=True)
    (7): ReLU(inplace=True)
    (8): Conv2d(64, 64, kernel_size=(1, 1), stride=(1, 1), bias=False)
    (9): BatchNorm2d(64, eps=1e-05, momentum=0.1, affine=True, track_running_stats=True)
    (10): ReLU(inplace=True)
    (11): MaxPool2d(kernel_size=2, stride=2, padding=0, dilation=1, ceil_mode=False)
    (12): Dropout2d(p=0.3, inplace=False)
    (13): SeparableConv2d(
      (depthwise): Conv2d(64, 64, kernel_size=(3, 3), stride=(1, 1), padding=(1, 1), groups=64, bias=False)
      (pointwise): Conv2d(64, 128, kernel_size=(1, 1), stride=(1, 1), bias=False)
    )
    (14): BatchNorm2d(128, eps=1e-05, momentum=0.1, affine=True, track_running_stats=True)
    (15): ReLU(inplace=True)
    (16): Conv2d(128, 128, kernel_size=(1, 1), stride=(1, 1), bias=False)
    (17): BatchNorm2d(128, eps=1e-05, momentum=0.1, affine=True, track_running_stats=True)
    (18): ReLU(inplace=True)
    (19): MaxPool2d(kernel_size=2, stride=2, padding=0, dilation=1, ceil_mode=False)
    (20): Dropout2d(p=0.3, inplace=False)
    (21): SeparableConv2d(
      (depthwise): Conv2d(128, 128, kernel_size=(3, 3), stride=(1, 1), padding=(1, 1), groups=128, bias=False)
      (pointwise): Conv2d(128, 256, kernel_size=(1, 1), stride=(1, 1), bias=False)
    )
    (22): BatchNorm2d(256, eps=1e-05, momentum=0.1, affine=True, track_running_stats=True)
    (23): ReLU(inplace=True)
    (24): Conv2d(256, 256, kernel_size=(1, 1), stride=(1, 1), bias=False)
    (25): BatchNorm2d(256, eps=1e-05, momentum=0.1, affine=True, track_running_stats=True)
    (26): ReLU(inplace=True)
    (27): MaxPool2d(kernel_size=2, stride=2, padding=0, dilation=1, ceil_mode=False)
    (28): Dropout2d(p=0.3, inplace=False)
  )
  (global_pool): AdaptiveAvgPool2d(output_size=1)
  (dense_layers): ModuleList(
    (0): Linear(in_features=256, out_features=512, bias=True)
    (1): Linear(in_features=512, out_features=256, bias=True)
    (2): Linear(in_features=256, out_features=128, bias=True)
  )
  (dense_bn_layers): ModuleList(
    (0): BatchNorm1d(512, eps=1e-05, momentum=0.1, affine=True, track_running_stats=True)
    (1): BatchNorm1d(256, eps=1e-05, momentum=0.1, affine=True, track_running_stats=True)
    (2): BatchNorm1d(128, eps=1e-05, momentum=0.1, affine=True, track_running_stats=True)
  )
  (dense_dropout_layers): ModuleList(
    (0-2): 3 x Dropout(p=0.3, inplace=False)
  )
  (output_layer): Linear(in_features=128, out_features=10, bias=True)
)",45
"{'conv': [(32, 3), (64, 3), (128, 3), (256, 3)], 'dense': [512, 256, 128], 'residual': True, 'separable': True}",0.0005,0.3,0.001,256,relu,66.43,"EnhancedCNNModel(
  (features): ModuleList(
    (0): SeparableConv2d(
      (depthwise): Conv2d(3, 3, kernel_size=(3, 3), stride=(1, 1), padding=(1, 1), groups=3, bias=False)
      (pointwise): Conv2d(3, 32, kernel_size=(1, 1), stride=(1, 1), bias=False)
    )
    (1): BatchNorm2d(32, eps=1e-05, momentum=0.1, affine=True, track_running_stats=True)
    (2): ReLU(inplace=True)
    (3): MaxPool2d(kernel_size=2, stride=2, padding=0, dilation=1, ceil_mode=False)
    (4): Dropout2d(p=0.3, inplace=False)
    (5): SeparableConv2d(
      (depthwise): Conv2d(32, 32, kernel_size=(3, 3), stride=(1, 1), padding=(1, 1), groups=32, bias=False)
      (pointwise): Conv2d(32, 64, kernel_size=(1, 1), stride=(1, 1), bias=False)
    )
    (6): BatchNorm2d(64, eps=1e-05, momentum=0.1, affine=True, track_running_stats=True)
    (7): ReLU(inplace=True)
    (8): Conv2d(64, 64, kernel_size=(1, 1), stride=(1, 1), bias=False)
    (9): BatchNorm2d(64, eps=1e-05, momentum=0.1, affine=True, track_running_stats=True)
    (10): ReLU(inplace=True)
    (11): MaxPool2d(kernel_size=2, stride=2, padding=0, dilation=1, ceil_mode=False)
    (12): Dropout2d(p=0.3, inplace=False)
    (13): SeparableConv2d(
      (depthwise): Conv2d(64, 64, kernel_size=(3, 3), stride=(1, 1), padding=(1, 1), groups=64, bias=False)
      (pointwise): Conv2d(64, 128, kernel_size=(1, 1), stride=(1, 1), bias=False)
    )
    (14): BatchNorm2d(128, eps=1e-05, momentum=0.1, affine=True, track_running_stats=True)
    (15): ReLU(inplace=True)
    (16): Conv2d(128, 128, kernel_size=(1, 1), stride=(1, 1), bias=False)
    (17): BatchNorm2d(128, eps=1e-05, momentum=0.1, affine=True, track_running_stats=True)
    (18): ReLU(inplace=True)
    (19): MaxPool2d(kernel_size=2, stride=2, padding=0, dilation=1, ceil_mode=False)
    (20): Dropout2d(p=0.3, inplace=False)
    (21): SeparableConv2d(
      (depthwise): Conv2d(128, 128, kernel_size=(3, 3), stride=(1, 1), padding=(1, 1), groups=128, bias=False)
      (pointwise): Conv2d(128, 256, kernel_size=(1, 1), stride=(1, 1), bias=False)
    )
    (22): BatchNorm2d(256, eps=1e-05, momentum=0.1, affine=True, track_running_stats=True)
    (23): ReLU(inplace=True)
    (24): Conv2d(256, 256, kernel_size=(1, 1), stride=(1, 1), bias=False)
    (25): BatchNorm2d(256, eps=1e-05, momentum=0.1, affine=True, track_running_stats=True)
    (26): ReLU(inplace=True)
    (27): MaxPool2d(kernel_size=2, stride=2, padding=0, dilation=1, ceil_mode=False)
    (28): Dropout2d(p=0.3, inplace=False)
  )
  (global_pool): AdaptiveAvgPool2d(output_size=1)
  (dense_layers): ModuleList(
    (0): Linear(in_features=256, out_features=512, bias=True)
    (1): Linear(in_features=512, out_features=256, bias=True)
    (2): Linear(in_features=256, out_features=128, bias=True)
  )
  (dense_bn_layers): ModuleList(
    (0): BatchNorm1d(512, eps=1e-05, momentum=0.1, affine=True, track_running_stats=True)
    (1): BatchNorm1d(256, eps=1e-05, momentum=0.1, affine=True, track_running_stats=True)
    (2): BatchNorm1d(128, eps=1e-05, momentum=0.1, affine=True, track_running_stats=True)
  )
  (dense_dropout_layers): ModuleList(
    (0-2): 3 x Dropout(p=0.3, inplace=False)
  )
  (output_layer): Linear(in_features=128, out_features=10, bias=True)
)",46
"{'conv': [(32, 3), (64, 3), (128, 3), (256, 3)], 'dense': [512, 256, 128], 'residual': True, 'separable': True}",0.0005,0.3,0.01,128,relu,69.56,"EnhancedCNNModel(
  (features): ModuleList(
    (0): SeparableConv2d(
      (depthwise): Conv2d(3, 3, kernel_size=(3, 3), stride=(1, 1), padding=(1, 1), groups=3, bias=False)
      (pointwise): Conv2d(3, 32, kernel_size=(1, 1), stride=(1, 1), bias=False)
    )
    (1): BatchNorm2d(32, eps=1e-05, momentum=0.1, affine=True, track_running_stats=True)
    (2): ReLU(inplace=True)
    (3): MaxPool2d(kernel_size=2, stride=2, padding=0, dilation=1, ceil_mode=False)
    (4): Dropout2d(p=0.3, inplace=False)
    (5): SeparableConv2d(
      (depthwise): Conv2d(32, 32, kernel_size=(3, 3), stride=(1, 1), padding=(1, 1), groups=32, bias=False)
      (pointwise): Conv2d(32, 64, kernel_size=(1, 1), stride=(1, 1), bias=False)
    )
    (6): BatchNorm2d(64, eps=1e-05, momentum=0.1, affine=True, track_running_stats=True)
    (7): ReLU(inplace=True)
    (8): Conv2d(64, 64, kernel_size=(1, 1), stride=(1, 1), bias=False)
    (9): BatchNorm2d(64, eps=1e-05, momentum=0.1, affine=True, track_running_stats=True)
    (10): ReLU(inplace=True)
    (11): MaxPool2d(kernel_size=2, stride=2, padding=0, dilation=1, ceil_mode=False)
    (12): Dropout2d(p=0.3, inplace=False)
    (13): SeparableConv2d(
      (depthwise): Conv2d(64, 64, kernel_size=(3, 3), stride=(1, 1), padding=(1, 1), groups=64, bias=False)
      (pointwise): Conv2d(64, 128, kernel_size=(1, 1), stride=(1, 1), bias=False)
    )
    (14): BatchNorm2d(128, eps=1e-05, momentum=0.1, affine=True, track_running_stats=True)
    (15): ReLU(inplace=True)
    (16): Conv2d(128, 128, kernel_size=(1, 1), stride=(1, 1), bias=False)
    (17): BatchNorm2d(128, eps=1e-05, momentum=0.1, affine=True, track_running_stats=True)
    (18): ReLU(inplace=True)
    (19): MaxPool2d(kernel_size=2, stride=2, padding=0, dilation=1, ceil_mode=False)
    (20): Dropout2d(p=0.3, inplace=False)
    (21): SeparableConv2d(
      (depthwise): Conv2d(128, 128, kernel_size=(3, 3), stride=(1, 1), padding=(1, 1), groups=128, bias=False)
      (pointwise): Conv2d(128, 256, kernel_size=(1, 1), stride=(1, 1), bias=False)
    )
    (22): BatchNorm2d(256, eps=1e-05, momentum=0.1, affine=True, track_running_stats=True)
    (23): ReLU(inplace=True)
    (24): Conv2d(256, 256, kernel_size=(1, 1), stride=(1, 1), bias=False)
    (25): BatchNorm2d(256, eps=1e-05, momentum=0.1, affine=True, track_running_stats=True)
    (26): ReLU(inplace=True)
    (27): MaxPool2d(kernel_size=2, stride=2, padding=0, dilation=1, ceil_mode=False)
    (28): Dropout2d(p=0.3, inplace=False)
  )
  (global_pool): AdaptiveAvgPool2d(output_size=1)
  (dense_layers): ModuleList(
    (0): Linear(in_features=256, out_features=512, bias=True)
    (1): Linear(in_features=512, out_features=256, bias=True)
    (2): Linear(in_features=256, out_features=128, bias=True)
  )
  (dense_bn_layers): ModuleList(
    (0): BatchNorm1d(512, eps=1e-05, momentum=0.1, affine=True, track_running_stats=True)
    (1): BatchNorm1d(256, eps=1e-05, momentum=0.1, affine=True, track_running_stats=True)
    (2): BatchNorm1d(128, eps=1e-05, momentum=0.1, affine=True, track_running_stats=True)
  )
  (dense_dropout_layers): ModuleList(
    (0-2): 3 x Dropout(p=0.3, inplace=False)
  )
  (output_layer): Linear(in_features=128, out_features=10, bias=True)
)",47
"{'conv': [(32, 3), (64, 3), (128, 3), (256, 3)], 'dense': [512, 256, 128], 'residual': True, 'separable': True}",0.0005,0.3,0.01,256,relu,66.89,"EnhancedCNNModel(
  (features): ModuleList(
    (0): SeparableConv2d(
      (depthwise): Conv2d(3, 3, kernel_size=(3, 3), stride=(1, 1), padding=(1, 1), groups=3, bias=False)
      (pointwise): Conv2d(3, 32, kernel_size=(1, 1), stride=(1, 1), bias=False)
    )
    (1): BatchNorm2d(32, eps=1e-05, momentum=0.1, affine=True, track_running_stats=True)
    (2): ReLU(inplace=True)
    (3): MaxPool2d(kernel_size=2, stride=2, padding=0, dilation=1, ceil_mode=False)
    (4): Dropout2d(p=0.3, inplace=False)
    (5): SeparableConv2d(
      (depthwise): Conv2d(32, 32, kernel_size=(3, 3), stride=(1, 1), padding=(1, 1), groups=32, bias=False)
      (pointwise): Conv2d(32, 64, kernel_size=(1, 1), stride=(1, 1), bias=False)
    )
    (6): BatchNorm2d(64, eps=1e-05, momentum=0.1, affine=True, track_running_stats=True)
    (7): ReLU(inplace=True)
    (8): Conv2d(64, 64, kernel_size=(1, 1), stride=(1, 1), bias=False)
    (9): BatchNorm2d(64, eps=1e-05, momentum=0.1, affine=True, track_running_stats=True)
    (10): ReLU(inplace=True)
    (11): MaxPool2d(kernel_size=2, stride=2, padding=0, dilation=1, ceil_mode=False)
    (12): Dropout2d(p=0.3, inplace=False)
    (13): SeparableConv2d(
      (depthwise): Conv2d(64, 64, kernel_size=(3, 3), stride=(1, 1), padding=(1, 1), groups=64, bias=False)
      (pointwise): Conv2d(64, 128, kernel_size=(1, 1), stride=(1, 1), bias=False)
    )
    (14): BatchNorm2d(128, eps=1e-05, momentum=0.1, affine=True, track_running_stats=True)
    (15): ReLU(inplace=True)
    (16): Conv2d(128, 128, kernel_size=(1, 1), stride=(1, 1), bias=False)
    (17): BatchNorm2d(128, eps=1e-05, momentum=0.1, affine=True, track_running_stats=True)
    (18): ReLU(inplace=True)
    (19): MaxPool2d(kernel_size=2, stride=2, padding=0, dilation=1, ceil_mode=False)
    (20): Dropout2d(p=0.3, inplace=False)
    (21): SeparableConv2d(
      (depthwise): Conv2d(128, 128, kernel_size=(3, 3), stride=(1, 1), padding=(1, 1), groups=128, bias=False)
      (pointwise): Conv2d(128, 256, kernel_size=(1, 1), stride=(1, 1), bias=False)
    )
    (22): BatchNorm2d(256, eps=1e-05, momentum=0.1, affine=True, track_running_stats=True)
    (23): ReLU(inplace=True)
    (24): Conv2d(256, 256, kernel_size=(1, 1), stride=(1, 1), bias=False)
    (25): BatchNorm2d(256, eps=1e-05, momentum=0.1, affine=True, track_running_stats=True)
    (26): ReLU(inplace=True)
    (27): MaxPool2d(kernel_size=2, stride=2, padding=0, dilation=1, ceil_mode=False)
    (28): Dropout2d(p=0.3, inplace=False)
  )
  (global_pool): AdaptiveAvgPool2d(output_size=1)
  (dense_layers): ModuleList(
    (0): Linear(in_features=256, out_features=512, bias=True)
    (1): Linear(in_features=512, out_features=256, bias=True)
    (2): Linear(in_features=256, out_features=128, bias=True)
  )
  (dense_bn_layers): ModuleList(
    (0): BatchNorm1d(512, eps=1e-05, momentum=0.1, affine=True, track_running_stats=True)
    (1): BatchNorm1d(256, eps=1e-05, momentum=0.1, affine=True, track_running_stats=True)
    (2): BatchNorm1d(128, eps=1e-05, momentum=0.1, affine=True, track_running_stats=True)
  )
  (dense_dropout_layers): ModuleList(
    (0-2): 3 x Dropout(p=0.3, inplace=False)
  )
  (output_layer): Linear(in_features=128, out_features=10, bias=True)
)",48
